num_duplicate_rows,fullVisitorId,channelGrouping,time,country,city,totalTransactionRevenue,transactions,timeOnSite,pageviews,sessionQualityDim,date,visitId,type,productRefundAmount,productQuantity,productPrice,productRevenue,productSKU,v2ProductName,v2ProductCategory,productVariant,currencyCode,itemQuantity,itemRevenue,transactionRevenue,transactionId,pageTitle,searchKeyword,pagePathLevel1,eCommerceAction_type,eCommerceAction_step,eCommerceAction_option
4,3244918821752957507,Referral,422870,United States,not available in demo dataset,201000000,1,585,28,,20160923,1474657463,PAGE,,,50000000,,GGOEGGCX056499,Gift Card - $50.00,(not set),Single Option Only,USD,,,,,Payment Method,,/payment.html,5,2,Payment
2,6029872331740528503,Organic Search,277111,United States,Ann Arbor,,,320,19,,20161013,1476412789,EVENT,,,1990000,,GGOEGFKQ020399,Google Laptop and Cell Phone Stickers,Home/Accessories/Stickers/,(not set),,,,,,Stickers | Accessories | Google Merchandise Store,,/google+redesign/,1,1,
2,1818470577834542256,Social,227002,United States,(not set),,,860,28,,20170202,1486086807,PAGE,,,17990000,,GGOEACCQ017299,Android Lunch Kit,Home/Shop by Brand/Android/,(not set),,,,,,Android | Shop by Brand | Google Merchandise Store,,/store.html/,2,1,
11,8436426603099391262,Referral,968671,United States,Ann Arbor,829000000,1,969,75,,20160901,1472781277,PAGE,,1,25000000,25181818,GGOEGGCX056299,Gift Card - $25.00,(not set),Single Option Only,USD,,,829000000,ORD201609011752,Checkout Confirmation,,/ordercompleted.html,6,1,
6,7360768108223062056,Organic Search,35109,United States,Sunnyvale,158000000,1,869,32,,20160914,1473902004,PAGE,,1,25000000,,GGOEGGCX056299,Gift Card - $25.00,(not set),Single Option Only,USD,,,,,Checkout Your Information,,/yourinfo.html,5,1,Billing and Shipping
2,1734632524061480646,Social,365860,United States,Seattle,,,439,25,,20160927,1474975784,EVENT,,,21990000,,GGOEYHPA003510,YouTube Trucker Hat,Home/Apparel/,(not set),,,,,,Apparel,,/google+redesign/,1,1,
6,7360768108223062056,Organic Search,107121,United States,Sunnyvale,158000000,1,869,32,,20160914,1473902004,PAGE,,,25000000,,GGOEGGCX056299,Gift Card - $25.00,(not set),Single Option Only,USD,,,,,Checkout Review,,/revieworder.html,5,3,Review
2,5293225320931221982,Organic Search,544415,India,not available in demo dataset,,,970,24,,20170411,1491924652,EVENT,,,39990000,,GGOEGEVA022399,Micro Wireless Earbud,Home/Electronics/Audio/,(not set),,,,,,Audio | Electronics | Google Merchandise Store,,/store.html,1,1,
2,8942866004645538967,Direct,208627,United States,not available in demo dataset,3775800000,7,6427,343,,20170320,1489999542,EVENT,,,21990000,,GGOEGAAX0590,Google Men's Short Sleeve Performance Badge Tee Navy,Home/Apparel/Men's/Men's-Performance Wear/,(not set),,,,,,Men's Performance Wear | Apparel | Google Merchandise Store,,/google+redesign/,1,1,
2,2011602129751972424,Organic Search,169554,United States,San Francisco,,,176,9,,20161030,1477812608,PAGE,,,21990000,,GGOEGCMB020932,Suitcase Organizer Cubes,Home/Bags/,(not set),,,,,,Bags | Google Merchandise Store,,/google+redesign/,2,1,
2,4089398984309263376,Direct,157590,India,Bengaluru,,,158,3,,20170311,1489227939,PAGE,,,1990000,,GGOEGFKQ020399,Google Laptop and Cell Phone Stickers,Home/Accessories/Stickers/,(not set),USD,,,,,Stickers | Accessories | Google Merchandise Store,,/google+redesign/,0,1,
2,0765879673447706851,Organic Search,231786,Canada,not available in demo dataset,,,232,8,,20170318,1489849361,EVENT,,,18990000,,GGOEGAAX0734,Google Men's Short Sleeve Hero Tee Heather,Home/Apparel/Men's/Men's-T-Shirts/,(not set),,,,,,Men's T-Shirts | Apparel | Google Merchandise Store,,/google+redesign/,1,1,
5,7838650270550176403,Paid Search,1720495,United States,San Francisco,251000000,1,1721,27,,20161230,1483148696,PAGE,,1,50000000,50200000,GGOEGGCX056499,Gift Card - $50.00,Gift Cards,Single Option Only,USD,,,251000000,ORD201612301109,Checkout Confirmation,,/ordercompleted.html,6,1,
2,6720484774866093005,Organic Search,112352,Canada,Montreal,,,349,13,,20170614,1497467275,PAGE,,,16990000,,GGOEGAAX0279,Google Women's Short Sleeve Hero Tee White,${escCatTitle},(not set),,,,,,Store search results,,/asearch.html/,2,1,
2,4890832126611809362,Organic Search,0,Sri Lanka,not available in demo dataset,,,,2,,20170610,1497087233,PAGE,,,19990000,,GGOEYOCR077399,YouTube RFID Journal,Home/Shop by Brand/YouTube/,(not set),USD,,,,,YouTube | Shop by Brand | Google Merchandise Store,,/google+redesign/,0,1,
2,5234009644456180031,Organic Search,142794,India,Pune,,,184,9,,20170607,1496854124,EVENT,,,59990000,,GGOEGESB015199,Google Flashlight,Home/Electronics/,(not set),,,,,,Electronics | Google Merchandise Store,,/google+redesign/,1,1,
2,6326829918051380975,Organic Search,421448,United States,not available in demo dataset,26990000,1,958,22,,20161213,1481662348,PAGE,,,24990000,,GGOEGAEC033114,Google Men's Long Sleeve Raglan Ocean Blue,Apparel, MD,USD,,,,ORD201612133071,Checkout Confirmation,,/ordercompleted.html,6,1,
3,213097446286285593,Organic Search,90,United States,not available in demo dataset,,,27,6,,20161002,1475432072,PAGE,,,55990000,,GGOEGAAX0359,Android Men's  Zip Hoodie,Home/Apparel/Men's/Men's-Outerwear/,(not set),,,,,,Men's-Outerwear,,/google+redesign/,2,1,
4,3244918821752957507,Referral,585156,United States,not available in demo dataset,201000000,1,585,28,,20160923,1474657463,PAGE,,1,50000000,50250000,GGOEGGCX056499,Gift Card - $50.00,(not set),Single Option Only,USD,,,201000000,ORD201609231507,Checkout Confirmation,,/ordercompleted.html,6,1,
2,2180674327795849272,Social,287495,France,not available in demo dataset,,,300,34,,20170423,1492946292,PAGE,,,4990000,,GGOEYDHJ056099,22 oz YouTube Bottle Infuser,Home/Shop by Brand/YouTube/,(not set),,,,,,YouTube | Shop by Brand | Google Merchandise Store,,/google+redesign/,2,1,
2,0744194450160663160,Organic Search,154357,United States,Sunnyvale,106000000,1,228,13,,20170523,1495581116,PAGE,,1,50000000,,GGOEGGCX056499,Gift Card - $50.00,Gift Cards,Single Option Only,USD,,,,,Checkout Your Information,,/yourinfo.html,5,1,Billing and Shipping
2,2190964662485966036,Direct,334367,Japan,Osaka,,,380,27,,20170526,1495787736,PAGE,,,16990000,,GGOEGAAX0651,Google Toddler Short Sleeve Tee Red,Home/Apparel/Kid's/,(not set),,,,,,Kids' Apparel | Google Merchandise Store,,/google+redesign/,2,1,
2,7845114848613059919,Referral,460658,United States,New York,304320000,1,792,17,,20161215,1481840106,PAGE,,,8790000,,GGOEGDHC015299,23 oz Wide Mouth Sport Bottle,Drinkware,Single Option Only,USD,,,,,Payment Method,,/payment.html,5,2,Payment
5,7838650270550176403,Paid Search,1599794,United States,San Francisco,251000000,1,1721,27,,20161230,1483148696,PAGE,,,50000000,,GGOEGGCX056499,Gift Card - $50.00,Gift Cards,Single Option Only,USD,,,,,Payment Method,,/payment.html,5,2,Payment
2,315410525784859471,Organic Search,253390,Ecuador,not available in demo dataset,,,292,24,,20170411,1491969610,PAGE,,,51990000,,GGOEGAAX0362,Google Men's Pullover Hoodie Grey,Home/Apparel/Men's/Men's-Outerwear/,(not set),,,,,,Men's Outerwear | Apparel | Google Merchandise Store,,/google+redesign/,2,1,
2,552850508976566436,Organic Search,67845,Italy,not available in demo dataset,,,97,23,,20170411,1491938076,EVENT,,,10990000,,GGOEYHPB072210,YouTube Twill Cap,Home/Apparel/Headgear/,(not set),,,,,,Headgear | Apparel | Google Merchandise Store,,/store.html,1,1,
2,0053895332124593586,Direct,279942,United Kingdom,not available in demo dataset,,,862,31,,20170312,1489354191,PAGE,,,16990000,,GGOEGAAX0105,Google Men's 100% Cotton Short Sleeve Hero Tee Black,Home/Apparel/Men's/Men's-T-Shirts/,(not set),,,,,,Men's T-Shirts | Apparel | Google Merchandise Store,,/store.html/,2,1,
2,3576215078915203690,Referral,1419332,United States,Seattle,,,1419,9,,20161115,1479270970,PAGE,,,79990000,,GGOEGAAX0795,25L Classic Rucksack,Home/Bags/Backpacks/,(not set),,,,,,Backpacks | Bags | Google Merchandise Store,,/google+redesign/,2,1,
2,9682908845293893265,Referral,942832,United States,Mountain View,,,953,32,,20161127,1480295619,EVENT,,1,119000000,,GGOENEBQ078999,Nest® Cam Outdoor Security Camera - USA,${escCatTitle},(not set),USD,,,,,Nest Cam Outdoor Security Camera - USA,,/google+redesign/,3,1,
2,4890832126611809362,Organic Search,0,Sri Lanka,not available in demo dataset,,,,2,,20170610,1497087233,PAGE,,,4990000,,GGOEYDHJ056099,22 oz YouTube Bottle Infuser,Home/Shop by Brand/YouTube/,(not set),USD,,,,,YouTube | Shop by Brand | Google Merchandise Store,,/google+redesign/,0,1,
2,8937539596290330126,Referral,571613,United States,not available in demo dataset,,,948,11,,20160908,1473376962,PAGE,,,16990000,,GGOEGAAX0346,YouTube Men's Vintage Tee,Home/Shop by Brand/YouTube/,(not set),,,,,,YouTube,,/google+redesign/,2,1,
2,4089398984309263376,Direct,157590,India,Bengaluru,,,158,3,,20170311,1489227939,PAGE,,,1990000,,GGOEAFKQ020499,8 pc Android Sticker Sheet,Home/Accessories/Stickers/,(not set),USD,,,,,Stickers | Accessories | Google Merchandise Store,,/google+redesign/,0,1,
2,3592785671281234637,Paid Search,293958,United States,not available in demo dataset,209000000,1,308,12,,20170620,1498002505,PAGE,,,100000000,,GGOEGGCX056199,Gift Card- $100.00,Gift Cards,Single Option Only,USD,,,,,Checkout Review,,/revieworder.html,5,3,Review
3,8368489856222393707,Direct,331828,United States,Mountain View,,,423,13,,20170216,1487286356,PAGE,,,16990000,,GGOEGAAX0104,Google Men's 100% Cotton Short Sleeve Hero Tee White,Home/Apparel/Men's/,(not set),,,,,,Men's Apparel | Google Merchandise Store,,/google+redesign/,2,1,
4,9758235511148216157,Direct,705197,United States,Sunnyvale,134000000,2,705,22,,20170615,1497575168,PAGE,,,25000000,,GGOEGGCX056299,Gift Card - $25.00,Gift Cards,Single Option Only,USD,,,,ORD201706152272,Checkout Confirmation,,/ordercompleted.html,6,1,
6,7360768108223062056,Display,1965112,United States,Sunnyvale,,,2262,16,,20160914,1473890234,PAGE,,1,25000000,,GGOEGGCX056299,Gift Card - $25.00,(not set),Single Option Only,USD,,,,,Checkout Your Information,,/yourinfo.html,5,1,Billing and Shipping
2,7845114848613059919,Referral,354846,United States,New York,304320000,1,792,17,,20161215,1481840106,PAGE,,1,2390000,,GGOEGDHC018299,Google 22 oz Water Bottle,Drinkware, BLUE,USD,,,,,Checkout Your Information,,/yourinfo.html,5,1,Billing and Shipping
14,4191489896925210475,Referral,709670,United States,Kirkland,351000000,1,1500,67,,20161221,1482360949,PAGE,,1,25000000,,GGOEGGCX056299,Gift Card - $25.00,Gift Cards,Single Option Only,USD,,,,,Checkout Your Information,,/yourinfo.html,5,1,Billing and Shipping
2,4647034471794650114,Social,48946,Italy,Naples,,,49,11,,20170307,1488900033,PAGE,,,98990000,,GGOEGAAX0607,Google Women's Convertible Vest-Jacket Sea Foam Green,Home/Apparel/Women's/Women's-Performance Wear/,(not set),,,,,,Women's Performance Wear | Apparel | Google Merchandise Store,,/google+redesign/,2,1,
2,3424896446143950354,Organic Search,220515,United States,not available in demo dataset,,,1167,28,,20170613,1497367611,EVENT,,,1500000,,GGOEGFKA022299,Keyboard DOT Sticker,Home/Office/,(not set),,,,,,Office | Google Merchandise Store,,/google+redesign/,1,1,
2,7549529166163705177,Referral,258255,Japan,not available in demo dataset,,,744,55,,20160908,1473403649,PAGE,,,16990000,,GGOEGAAX0338,Google Men's Vintage Badge Tee Black,Home/Apparel/Men's/Men's-T-Shirts/,(not set),,,,,,Men's-T-Shirts,,/google+redesign/,2,1,
2,154104806751769000,Organic Search,1024809,United States,not available in demo dataset,821710000,1,1025,23,,20170430,1493613970,PAGE,,,16990000,,GGOEGAAB010515,Google Men's 100% Cotton Short Sleeve Hero Tee Black,Apparel, LG,USD,,,,ORD201704301386,Checkout Confirmation,,/ordercompleted.html,6,1,
2,6650611733216359240,Organic Search,162655,Bulgaria,not available in demo dataset,,,166,12,,20161222,1482429027,EVENT,,,9990000,,GGOEGOCT019199,Red Spiral Google Notebook,Home/Office/Notebooks & Journals/,(not set),,,,,,Notebooks & Journals | Office | Google Merchandise Store,,/google+redesign/,1,1,
2,6724418589711135499,Organic Search,383378,Japan,not available in demo dataset,,,427,35,,20170310,1489182397,EVENT,,,55990000,,GGOEGAAX0358,Google Men's  Zip Hoodie,Home/Apparel/Men's/Men's-Outerwear/,(not set),,,,,,Men's Outerwear | Apparel | Google Merchandise Store,,/google+redesign/,1,1,
2,4064965394575953420,Organic Search,90502,Canada,not available in demo dataset,,,91,7,,20170404,1491356396,EVENT,,,39990000,,GGOEGEVA022399,Micro Wireless Earbud,Home/Electronics/Audio/,(not set),,,,,,Audio | Electronics | Google Merchandise Store,,/google+redesign/,1,1,
5,5990814637864284423,Referral,280112,United States,Mountain View,,,414,26,,20161212,1481574169,PAGE,,,25000000,,GGOEGGCX056299,Gift Card - $25.00,Gift Cards,Single Option Only,USD,,,,,Payment Method,,/payment.html,5,2,Payment
2,7845114848613059919,Referral,741167,United States,New York,304320000,1,792,17,,20161215,1481840106,PAGE,,,2390000,,GGOEGDHC018299,Google 22 oz Water Bottle,Drinkware, BLUE,USD,,,,,Checkout Review,,/revieworder.html,5,3,Review
10,0780206376162514125,Referral,1886970,United States,not available in demo dataset,505000000,3,2269,92,,20160908,1473373023,PAGE,,,25000000,,GGOEGGCX056299,Gift Card - $25.00,(not set),Single Option Only,USD,,,,,Payment Method,,/payment.html,5,2,Payment
22,4884778281436388667,Referral,441425,United States,Cambridge,555000000,1,485,75,,20161128,1480363993,PAGE,,,25000000,,GGOEGGCX056299,Gift Card - $25.00,Gift Cards,Single Option Only,USD,,,,,Checkout Review,,/revieworder.html,5,3,Review
2,8767511864222479193,Social,118561,Algeria,not available in demo dataset,,,155,49,,20161101,1478021313,EVENT,,,9990000,,GGOEGDHG014499,Google Infuser-Top Water Bottle,Home/Drinkware/,(not set),,,,,,Drinkware | Google Merchandise Store,,/google+redesign/,1,1,
2,7890468841809778203,Referral,403943,United States,San Jose,127000000,1,453,30,,20161203,1480794600,PAGE,,,119000000,,GGOENEBQ078999,Nest® Cam Outdoor Security Camera - USA,Nest-USA,Single Option Only,USD,,,,ORD201612031681,Checkout Confirmation,,/ordercompleted.html,6,1,
3,1915538933685278364,Referral,580726,United States,San Jose,,,638,22,,20161221,1482356339,PAGE,,1,100000000,,GGOEGGCX056199,Gift Card- $100.00,Gift Cards,Single Option Only,USD,,,,,Checkout Your Information,,/yourinfo.html,5,1,Billing and Shipping
2,5186802869072248264,Direct,624844,United States,Mountain View,199580000,1,1009,62,,20161104,1478272441,PAGE,,15,23850000,,GGOEGKAA019299,Switch Tone Color Crayon Pen,Office,Single Option Only,USD,,,,,Checkout Your Information,,/yourinfo.html,5,1,Billing and Shipping
2,3182989904098958260,Organic Search,238315,United States,not available in demo dataset,,,1303,29,,20170424,1493047321,EVENT,,,4990000,,GGOEGBFC018799,Electronics Accessory Pouch,Home/Electronics/,(not set),,,,,,Electronics | Google Merchandise Store,,/google+redesign/,1,1,
2,2396848817613598114,Social,4138082,Venezuela,not available in demo dataset,294920000,2,5986,100,,20170305,1488734084,PAGE,,,55990000,,GGOEGAAX0359,Android Men's  Zip Hoodie,Home/Apparel/Men's/,(not set),,,,,,Men's Apparel | Google Merchandise Store,,/google+redesign/,2,1,
6,7360768108223062056,Display,381558,United States,Sunnyvale,,,382,15,,20160914,1473896648,PAGE,,,25000000,,GGOEGGCX056299,Gift Card - $25.00,(not set),Single Option Only,USD,,,,,Checkout Review,,/revieworder.html,5,3,Review
2,0744194450160663160,Organic Search,215421,United States,Sunnyvale,106000000,1,228,13,,20170523,1495581116,PAGE,,,50000000,,GGOEGGCX056499,Gift Card - $50.00,Gift Cards,Single Option Only,USD,,,,,Checkout Review,,/revieworder.html,5,3,Review
5,7838650270550176403,Paid Search,1720535,United States,San Francisco,251000000,1,1721,27,,20161230,1483148696,PAGE,,,50000000,,GGOEGGCX056499,Gift Card - $50.00,Gift Cards,Single Option Only,USD,,,,ORD201612301109,Checkout Confirmation,,/ordercompleted.html,6,1,
2,2865017243883166191,Referral,2708969,United States,Seattle,547560000,2,3599,69,,20170331,1491014198,PAGE,,,119000000,,GGOENEBB078899,Nest® Cam Indoor Security Camera - USA,Nest-USA,Single Option Only,USD,,,,ORD201703312011,Checkout Confirmation,,/ordercompleted.html,6,1,
2,3857345481681589677,Organic Search,66554,Poland,not available in demo dataset,,,129,22,,20170412,1492008417,PAGE,,,99990000,,GGOEGBRA037499,Waterproof Backpack,Home/Bags/Backpacks/,(not set),,,,,,Backpacks | Bags | Google Merchandise Store,,/google+redesign/,2,1,
11,8436426603099391262,Referral,968700,United States,Ann Arbor,829000000,1,969,75,,20160901,1472781277,PAGE,,,50000000,,GGOEGGCX056499,Gift Card - $50.00,(not set),Single Option Only,USD,,,,ORD201609011752,Checkout Confirmation,,/ordercompleted.html,6,1,
2,839980723911355750,Organic Search,127418,France,Paris,,,323,12,1,20170718,1500419296,EVENT,,,69990000,,GGOEGBRJ037399,Google Rucksack,Home/Bags/Backpacks/,(not set),,,,,,Backpacks | Bags | Google Merchandise Store,,/google+redesign/,1,1,
4,9758235511148216157,Direct,682296,United States,Sunnyvale,134000000,2,705,22,,20170615,1497575168,PAGE,,,25000000,,GGOEGGCX056299,Gift Card - $25.00,Gift Cards,Single Option Only,USD,,,,,Payment Method,,/payment.html,5,2,Payment
2,3592785671281234637,Paid Search,308193,United States,not available in demo dataset,209000000,1,308,12,,20170620,1498002505,PAGE,,1,100000000,104500000,GGOEGGCX056199,Gift Card- $100.00,Gift Cards,Single Option Only,USD,,,209000000,ORD201706202153,Checkout Confirmation,,/ordercompleted.html,6,1,
2,7570225002832092079,Organic Search,121886,Japan,Shinjuku,,,532,15,,20170516,1494971912,PAGE,,,16990000,,GGOEGAAX0104,Google Men's 100% Cotton Short Sleeve Hero Tee White,Home/Apparel/Men's/Men's-T-Shirts/,(not set),,,,,,Men's T-Shirts | Apparel | Google Merchandise Store,,/google+redesign/,2,1,
2,4890832126611809362,Organic Search,0,Sri Lanka,not available in demo dataset,,,,2,,20170610,1497087233,PAGE,,,7990000,,GGOEYDHJ019399,24 oz YouTube Sergeant Stripe Bottle,Home/Shop by Brand/YouTube/,(not set),USD,,,,,YouTube | Shop by Brand | Google Merchandise Store,,/google+redesign/,0,1,
2,0001266240591974276,Referral,349038,Spain,Madrid,,,352,66,,20170606,1496753265,EVENT,,,12990000,,GGOEGACB023699,Yoga Block,Home/Clearance Sale/,(not set),,,,,,Clearance Sale,,/store.html,1,1,
2,4647034471794650114,Social,39561,Italy,Naples,,,49,11,,20170307,1488900033,EVENT,,,21990000,,GGOEGAAX0599,Google Women's Short Sleeve Performance Tee Black,Home/Apparel/Women's/Women's-Performance Wear/,(not set),,,,,,Women's Performance Wear | Apparel | Google Merchandise Store,,/google+redesign/,1,1,
2,877823522891131062,Direct,4919,United States,San Jose,,,76,80,,20170528,1496005596,EVENT,,,1990000,,GGOEYFKQ020699,YouTube Custom Decals,Home/Shop by Brand/YouTube/,(not set),,,,,,YouTube | Shop by Brand | Google Merchandise Store,,/google+redesign/,1,1,
14,4191489896925210475,Referral,722820,United States,Kirkland,351000000,1,1500,67,,20161221,1482360949,PAGE,,,25000000,,GGOEGGCX056299,Gift Card - $25.00,Gift Cards,Single Option Only,USD,,,,,Payment Method,,/payment.html,5,2,Payment
2,7327321543686950376,Organic Search,87097,Chile,not available in demo dataset,,,244,13,,20170223,1487880887,PAGE,,,59990000,,GGOEGBPB082099,UpCycled Handlebar Bag,Home/Accessories/Sports & Fitness/,(not set),,,,,,Sports & Fitness | Accessories | Google Merchandise Store,,/google+redesign/,2,1,
5,5990814637864284423,Referral,240184,United States,Mountain View,,,414,26,,20161212,1481574169,PAGE,,1,25000000,,GGOEGGCX056299,Gift Card - $25.00,Gift Cards,Single Option Only,USD,,,,,Checkout Your Information,,/yourinfo.html,5,1,Billing and Shipping
2,7845114848613059919,Referral,791577,United States,New York,304320000,1,792,17,,20161215,1481840106,PAGE,,,2390000,,GGOEGDHR018499,Google 22 oz Water Bottle,Drinkware, RED,USD,,,,ORD201612152739,Checkout Confirmation,,/ordercompleted.html,6,1,
6,7360768108223062056,Display,2034110,United States,Sunnyvale,,,2262,16,,20160914,1473890234,PAGE,,1,25000000,,GGOEGGCX056299,Gift Card - $25.00,(not set),Single Option Only,USD,,,,,Checkout Your Information,,/yourinfo.html,5,1,Billing and Shipping
2,4089398984309263376,Direct,157590,India,Bengaluru,,,158,3,,20170311,1489227939,PAGE,,,1990000,,GGOEYFKQ020699,YouTube Custom Decals,Home/Accessories/Stickers/,(not set),USD,,,,,Stickers | Accessories | Google Merchandise Store,,/google+redesign/,0,1,
2,5186802869072248264,Direct,998705,United States,Mountain View,199580000,1,1009,62,,20161104,1478272441,PAGE,,,8790000,,GGOEGOCB017499,Leatherette Journal,Office,Single Option Only,USD,,,,ORD201611041971,Checkout Confirmation,,/ordercompleted.html,6,1,
2,8942866004645538967,Direct,208627,United States,not available in demo dataset,3775800000,7,6427,343,,20170320,1489999542,PAGE,,,21990000,,GGOEGAAX0590,Google Men's Short Sleeve Performance Badge Tee Navy,Home/Apparel/Men's/Men's-Performance Wear/,(not set),,,,,,Men's Performance Wear | Apparel | Google Merchandise Store,,/google+redesign/,2,1,
4,575143870190264156,Referral,160962,United States,not available in demo dataset,107000000,1,190,9,,20161224,1482608236,PAGE,,,25000000,,GGOEGGCX056299,Gift Card - $25.00,Gift Cards,Single Option Only,USD,,,,,Checkout Review,,/revieworder.html,5,3,Review
2,4835082938415020542,Direct,1173908,United States,not available in demo dataset,755300000,1,1444,32,,20161116,1479341021,PAGE,,,35000000,,GGOEGBJR018199,Reusable Shopping Bag,Bags,Single Option Only,USD,,,,,Payment Method,,/payment.html,5,2,Payment
2,6447356565637266473,Organic Search,119269,India,(not set),,,130,7,,20170310,1489164815,PAGE,,,16990000,,GGOEGAAX0104,Google Men's 100% Cotton Short Sleeve Hero Tee White,Home/Apparel/,(not set),,,,,,Apparel | Google Merchandise Store,,/google+redesign/,2,1,
2,7029245392581399860,Social,236306,Egypt,not available in demo dataset,,,463,36,,20170328,1490703093,PAGE,,,250000000,,GGOEGGCX056399,Gift Card - $250.00,Home/Gift Cards/,(not set),,,,,,Gift Cards | Google Merchandise Store,,/google+redesign/,2,1,
9,0780206376162514125,Referral,2099234,United States,not available in demo dataset,505000000,3,2269,92,,20160908,1473373023,PAGE,,,25000000,,GGOEGGCX056299,Gift Card - $25.00,(not set),Single Option Only,USD,,,,,Payment Method,,/payment.html,5,2,Payment
2,8769663090721675478,Organic Search,213507,United States,not available in demo dataset,53000000,1,464,12,40,20170728,1501254252,PAGE,,,25000000,,GGOEGGCX056299,Gift Card - $25.00,Gift Cards,Single Option Only,USD,,,,,Payment Method,,/payment.html,5,2,Payment
2,4089398984309263376,Direct,157590,India,Bengaluru,,,158,3,,20170311,1489227939,PAGE,,,1990000,,GGOEWFKA083099,Waze Mood Happy Window Decal,Home/Accessories/Stickers/,(not set),USD,,,,,Stickers | Accessories | Google Merchandise Store,,/google+redesign/,0,1,
2,0956968704278661181,Organic Search,505417,Bangladesh,(not set),,,506,7,,20161018,1476840950,PAGE,,,39990000,,GGOEGAAX0311,Google Heavyweight Long Sleeve Hero Tee Navy,Home/Apparel/Men's/Men's-T-Shirts/,(not set),,,,,,Men's T-Shirts | Apparel | Google Merchandise Store,,/google+redesign/,2,1,
2,9505863296799276550,Referral,742548,United States,Chicago,,,889,37,,20160916,1474067919,PAGE,,,13590000,,GGOEGAAX0671,Google Toddler Short Sleeve Tee White,Home/Apparel/Kid's/Kid's-Toddler/,(not set),,,,,,Kid's-Toddler,,/google+redesign/,2,1,
2,0219574228160531155,Referral,153234,United States,not available in demo dataset,,,556,31,,20170302,1488491778,EVENT,,,25000000,,GGOEGGCX056299,Gift Card - $25.00,Home/Gift Cards/,(not set),,,,,,Gift Cards | Google Merchandise Store,,/store.html,1,1,
2,4089398984309263376,Direct,157590,India,Bengaluru,,,158,3,,20170311,1489227939,PAGE,,,1990000,,GGOEWFKA083299,Waze Mood Ninja Window Decal,Home/Accessories/Stickers/,(not set),USD,,,,,Stickers | Accessories | Google Merchandise Store,,/google+redesign/,0,1,
2,2215886195509488549,Social,78175,India,Chennai,,,425,24,,20170626,1498495900,EVENT,,,29990000,,GGOEGAAX0351,YouTube Men's Vintage Henley,Home/Shop by Brand/YouTube/,(not set),,,,,,YouTube | Shop by Brand | Google Merchandise Store,,/google+redesign/,1,1,
2,7845114848613059919,Referral,791577,United States,New York,304320000,1,792,17,,20161215,1481840106,PAGE,,,8790000,,GGOEGDHC015299,23 oz Wide Mouth Sport Bottle,Drinkware,Single Option Only,USD,,,,ORD201612152739,Checkout Confirmation,,/ordercompleted.html,6,1,
2,0419611240165258862,Referral,628955,United States,not available in demo dataset,35950000,1,730,46,,20160916,1474052262,PAGE,,,7980000,,GGOEGBJC019999,Collapsible Shopping Bag,(not set),Single Option Only,USD,,,,,Payment Method,,/payment.html,5,2,Payment
4,575143870190264156,Referral,189885,United States,not available in demo dataset,107000000,1,190,9,,20161224,1482608236,PAGE,,1,25000000,26750000,GGOEGGCX056299,Gift Card - $25.00,Gift Cards,Single Option Only,USD,,,107000000,ORD20161224935,Checkout Confirmation,,/ordercompleted.html,6,1,
2,154104806751769000,Organic Search,1024809,United States,not available in demo dataset,821710000,1,1025,23,,20170430,1493613970,PAGE,,,4990000,,GGOEGBMJ013399,Sport Bag,Bags,Single Option Only,USD,,,,ORD201704301386,Checkout Confirmation,,/ordercompleted.html,6,1,
2,1031768530974318383,Organic Search,2107524,France,not available in demo dataset,,,2135,30,,20170405,1491427928,EVENT,,,51990000,,GGOEGAAX0362,Google Men's Pullover Hoodie Grey,Home/Apparel/Men's/,(not set),,,,,,Men's Apparel | Google Merchandise Store,,/google+redesign/,1,1,
2,7029245392581399860,Social,256995,Egypt,not available in demo dataset,,,463,36,,20170328,1490703093,EVENT,,,50000000,,GGOEGGCX056499,Gift Card - $50.00,Home/Gift Cards/,(not set),,,,,,Gift Cards | Google Merchandise Store,,/google+redesign/,1,1,
10,2788555723243018631,Direct,1046709,United States,San Francisco,258000000,1,1125,58,,20160801,1470077433,PAGE,,1,25000000,,GGOEGGCX056299,Gift Card - $25.00,(not set),Single Option Only,USD,,,,,Payment Method,,/payment.html,5,1,
2,1854440936315683918,Social,343045,Argentina,not available in demo dataset,,,513,6,,20161111,1478934994,EVENT,,,24990000,,GGOEGAAX0331,Google Men's Long Sleeve Raglan Ocean Blue,Home/Apparel/,(not set),,,,,,Apparel | Google Merchandise Store,,/google+redesign/,1,1,
2,2385451684587900506,Organic Search,234075,United States,Seattle,38450000,1,719,29,,20160818,1471552163,PAGE,,,4990000,,GGOEGBMJ013399,Sport Bag,Home/Lifestyle/,(not set),,,,,,Lifestyle,,/google+redesign/,2,1,
2,2073001123961505601,Social,522680,Egypt,not available in demo dataset,,,561,8,1,20170728,1501283449,PAGE,,,0,,9182781,Google Women's Short Sleeve Hero Tee Black,(not set),(not set),USD,,,,,Android Men's Long Sleeve Badge Crew Tee Heather,,/google+redesign/,0,1,
2,4022279597429973915,Direct,661807,United States,not available in demo dataset,,,1682,19,,20170123,1485229941,PAGE,,,55990000,,GGOEGAAX0358,Google Men's  Zip Hoodie,Home/Apparel/Men's/Men's-Outerwear/,(not set),,,,,,Men's Outerwear | Apparel | Google Merchandise Store,,/google+redesign/,2,1,
2,5544036290871487819,Organic Search,766443,Philippines,not available in demo dataset,,,1058,12,,20170602,1496460246,PAGE,,,4990000,,GGOEGCBC074299,Google Device Stand,Home/Electronics/Electronics Accessories/,(not set),,,,,,Accessories | Electronics | Google Merchandise Store,,/google+redesign/,2,1,
2,922615354832601075,Organic Search,710523,United States,not available in demo dataset,23980000,1,711,27,,20161214,1481752917,PAGE,,,12990000,,GGOEGDWR015799,Red Shine 15 oz Mug,Drinkware,Single Option Only,USD,,,,ORD201612142992,Checkout Confirmation,,/ordercompleted.html,6,1,
6,7360768108223062056,Display,2261741,United States,Sunnyvale,,,2262,16,,20160914,1473890234,PAGE,,,25000000,,GGOEGGCX056299,Gift Card - $25.00,(not set),Single Option Only,USD,,,,,Payment Method,,/payment.html,5,2,Payment
4,3211801082901013750,Referral,335041,United States,New York,409000000,1,418,23,,20170601,1496375475,PAGE,,,100000000,,GGOEGGCX056199,Gift Card- $100.00,Gift Cards,Single Option Only,USD,,,,,Payment Method,,/payment.html,5,2,Payment
2,2336710786026276989,Organic Search,53015,United States,not available in demo dataset,,,548,18,,20170120,1484969186,PAGE,,,10990000,,GGOEGOCB017499,Leatherette Journal,Home/Office/Notebooks & Journals/,(not set),,,,,,Notebooks & Journals | Office | Google Merchandise Store,,/google+redesign/,2,1,
2,4105169389776282876,Organic Search,671812,Poland,not available in demo dataset,,,730,44,,20170502,1493723424,EVENT,,,1500000,,GGOEGODR017799,Recycled Mouse Pad,Home/Office/Office Other/,(not set),,,,,,Other | Office | Google Merchandise Store,,/google+redesign/,1,1,
2,7915549412266150272,Paid Search,477186,United States,not available in demo dataset,,,586,34,,20170503,1493847196,EVENT,,5,1990000,,GGOEGOAB021699,Google Ballpoint Pen Black,Home/Office/Writing Instruments/,(not set),USD,,,,,Writing Instruments | Office | Google Merchandise Store,,/google+redesign/,3,1,
4,7360768108223062056,Organic Search,254786,United States,Sunnyvale,209000000,1,337,22,,20160914,1473905072,PAGE,,,50000000,,GGOEGGCX056499,Gift Card - $50.00,(not set),Single Option Only,USD,,,,,Checkout Review,,/revieworder.html,5,3,Review
2,4835082938415020542,Direct,1089698,United States,not available in demo dataset,755300000,1,1444,32,,20161116,1479341021,PAGE,,5,24950000,,GGOEGBMJ013399,Sport Bag,Bags,Single Option Only,USD,,,,,Checkout Your Information,,/yourinfo.html,5,1,Billing and Shipping
2,3000212461242439183,Direct,35573,Romania,Bucharest,,,70,18,,20160908,1473322918,EVENT,,,10990000,,GGOEGHPB071610,Google Twill Cap,Home/Apparel/,(not set),,,,,,Apparel,,/store.html,1,1,
2,4365809776716151144,Display,153462,United States,San Bruno,106000000,1,275,13,,20170109,1483988529,PAGE,,,50000000,,GGOEGGCX056499,Gift Card - $50.00,Gift Cards,Single Option Only,USD,,,,,Payment Method,,/payment.html,5,2,Payment
2,7845114848613059919,Referral,408094,United States,New York,304320000,1,792,17,,20161215,1481840106,PAGE,,1,2390000,,GGOEGDHC018299,Google 22 oz Water Bottle,Drinkware, BLUE,USD,,,,,Checkout Your Information,,/yourinfo.html,5,1,Billing and Shipping
2,154104806751769000,Organic Search,1024809,United States,not available in demo dataset,821710000,1,1025,23,,20170430,1493613970,PAGE,,,16990000,,GGOEGAAB010516,Google Men's 100% Cotton Short Sleeve Hero Tee Black,Apparel, XL,USD,,,,ORD201704301386,Checkout Confirmation,,/ordercompleted.html,6,1,
2,7740740695520900343,Direct,0,United States,not available in demo dataset,,,1330,12,,20161130,1480564155,PAGE,,,145990000,,GGOEGEVB070599,Google G Noise-reducing Bluetooth Headphones,Home/Electronics/Audio/,(not set),,,,,,Audio | Electronics | Google Merchandise Store,,/google+redesign/,2,1,
2,4835082938415020542,Direct,1444331,United States,not available in demo dataset,755300000,1,1444,32,,20161116,1479341021,PAGE,,,3500000,,GGOEGBJR018199,Reusable Shopping Bag,Bags,Single Option Only,USD,,,,ORD201611162447,Checkout Confirmation,,/ordercompleted.html,6,1,
2,2616240173389988716,Referral,77622,United States,not available in demo dataset,85580000,1,830,33,,20160921,1474496615,PAGE,,,79990000,,GGOEGBMC056599,Waterproof Gear Bag,Home/Bags/More Bags/,(not set),,,,,,More Bags,,/google+redesign/,2,1,
2,1965703729833511722,Paid Search,170686,United States,New York,,,754,51,,20161225,1482680105,PAGE,,,16990000,,GGOEGAAX0107,Google Men's 100% Cotton Short Sleeve Hero Tee Red,${escCatTitle},(not set),,,,,,Store search results,,/asearch.html/,2,1,
2,4365809776716151144,Display,275279,United States,San Bruno,106000000,1,275,13,,20170109,1483988529,PAGE,,,50000000,,GGOEGGCX056499,Gift Card - $50.00,Gift Cards,Single Option Only,USD,,,,ORD201701092073,Checkout Confirmation,,/ordercompleted.html,6,1,
2,9565267141648549839,Social,35317,United States,not available in demo dataset,,,91,43,,20160914,1473884955,EVENT,,,25000000,,GGOEGGCX056299,Gift Card - $25.00,Home/Gift Cards/,(not set),,,,,,Gift Cards,,/google+redesign/,1,1,
11,8436426603099391262,Referral,918926,United States,Ann Arbor,829000000,1,969,75,,20160901,1472781277,PAGE,,,50000000,,GGOEGGCX056499,Gift Card - $50.00,(not set),Single Option Only,USD,,,,,Checkout Review,,/revieworder.html,5,3,Review
2,454504884131750556,Referral,781525,United States,not available in demo dataset,151000000,1,955,17,,20170629,1498791783,PAGE,,,149000000,,GGOENEBJ079499,Nest® Learning Thermostat 3rd Gen-USA - Stainless Steel,Nest-USA,Single Option Only,USD,,,,ORD201706292530,Checkout Confirmation,,/ordercompleted.html,6,1,
2,917551604501805376,Direct,86865,Russia,not available in demo dataset,,,145,53,,20170428,1493445465,EVENT,,,24990000,,GGOEAHPA004110,Android Wool Heather Cap Heather/Black,Home/Shop by Brand/Android/,(not set),,,,,,Android | Shop by Brand | Google Merchandise Store,,/store.html,1,1,
2,8161942866929822763,Organic Search,877530,Germany,not available in demo dataset,,,1021,19,,20161017,1476703735,PAGE,,,99990000,,GGOEGBRA037499,Waterproof Backpack,Home/Bags/Backpacks/,(not set),,,,,,Backpacks | Bags | Google Merchandise Store,,/google+redesign/,2,1,
2,0409094433310347683,Social,148687,Mexico,not available in demo dataset,,,175,36,,20161115,1479247537,PAGE,,,24990000,,GGOEGAAX0331,Google Men's Long Sleeve Raglan Ocean Blue,Home/Apparel/,(not set),,,,,,Apparel | Google Merchandise Store,,/google+redesign/,2,1,
6,7360768108223062056,Display,2050969,United States,Sunnyvale,,,2262,16,,20160914,1473890234,PAGE,,,25000000,,GGOEGGCX056299,Gift Card - $25.00,(not set),Single Option Only,USD,,,,,Payment Method,,/payment.html,5,2,Payment
2,6093706766729155094,Direct,393846,United States,Sunnyvale,,,730,30,,20170323,1490256975,PAGE,,1,119000000,,GGOENEBB078899,Nest® Cam Indoor Security Camera - USA,Nest-USA,Single Option Only,USD,,,,,Checkout Your Information,,/yourinfo.html,5,1,Billing and Shipping
2,5379473349678070977,Referral,53683,Australia,Sydney,,,59,16,,20170310,1489141626,EVENT,,,99990000,,GGOEGBRJ037299,Google Alpine Style Backpack,Home/Bags/Backpacks/,(not set),,,,,,Backpacks | Bags | Google Merchandise Store,,/google+redesign/,1,1,
2,3576215078915203690,Referral,1419332,United States,Seattle,,,1419,9,,20161115,1479270970,EVENT,,,79990000,,GGOEGAAX0795,25L Classic Rucksack,Home/Bags/Backpacks/,(not set),,,,,,Backpacks | Bags | Google Merchandise Store,,/google+redesign/,1,1,
2,4365809776716151144,Display,250481,United States,San Bruno,106000000,1,275,13,,20170109,1483988529,PAGE,,,50000000,,GGOEGGCX056499,Gift Card - $50.00,Gift Cards,Single Option Only,USD,,,,,Checkout Review,,/revieworder.html,5,3,Review
10,2788555723243018631,Direct,1041309,United States,San Francisco,258000000,1,1125,58,,20160801,1470077433,PAGE,,1,25000000,,GGOEGGCX056299,Gift Card - $25.00,(not set),Single Option Only,USD,,,,,Checkout Your Information,,/yourinfo.html,5,1,
2,839980723911355750,Organic Search,127418,France,Paris,,,323,12,1,20170718,1500419296,PAGE,,,69990000,,GGOEGBRJ037399,Google Rucksack,Home/Bags/Backpacks/,(not set),,,,,,Backpacks | Bags | Google Merchandise Store,,/google+redesign/,2,1,
2,7845114848613059919,Referral,791577,United States,New York,304320000,1,792,17,,20161215,1481840106,PAGE,,,2390000,,GGOEGDHC018299,Google 22 oz Water Bottle,Drinkware, BLUE,USD,,,,ORD201612152739,Checkout Confirmation,,/ordercompleted.html,6,1,
4,575143870190264156,Referral,277166,United States,not available in demo dataset,,,469,26,,20161224,1482567083,PAGE,,1,25000000,,GGOEGGCX056299,Gift Card - $25.00,Gift Cards,Single Option Only,USD,,,,,Checkout Your Information,,/yourinfo.html,5,1,Billing and Shipping
2,5186802869072248264,Direct,892314,United States,Mountain View,199580000,1,1009,62,,20161104,1478272441,PAGE,,,23850000,,GGOEGKAA019299,Switch Tone Color Crayon Pen,Office,Single Option Only,USD,,,,,Payment Method,,/payment.html,5,2,Payment
2,7549529166163705177,Referral,258255,Japan,not available in demo dataset,,,744,55,,20160908,1473403649,EVENT,,,16990000,,GGOEGAAX0338,Google Men's Vintage Badge Tee Black,Home/Apparel/Men's/Men's-T-Shirts/,(not set),,,,,,Men's-T-Shirts,,/google+redesign/,1,1,
2,7567817112637547239,Organic Search,2246283,United States,Mountain View,101200000,2,2304,36,85,20170714,1500033101,PAGE,,,25000000,,GGOEGGCX056299,Gift Card - $25.00,Gift Cards,Single Option Only,USD,,,,,Payment Method,,/payment.html,5,2,Payment
3,917551604501805376,Direct,86864,Russia,not available in demo dataset,,,145,53,,20170428,1493445465,PAGE,,,24990000,,GGOEAHPA004110,Android Wool Heather Cap Heather/Black,Home/Shop by Brand/Android/,(not set),,,,,,Android | Shop by Brand | Google Merchandise Store,,/store.html/,2,1,
2,7845114848613059919,Referral,408094,United States,New York,304320000,1,792,17,,20161215,1481840106,PAGE,,1,2390000,,GGOEGDHR018499,Google 22 oz Water Bottle,Drinkware, RED,USD,,,,,Checkout Your Information,,/yourinfo.html,5,1,Billing and Shipping
2,5441713978831708309,Referral,68752,Taiwan,(not set),,,338,25,,20170530,1496134412,EVENT,,,12990000,,GGOEGDWR015799,Red Shine 15 oz Mug,Home/Drinkware/Mugs and Cups/,(not set),,,,,,Mugs & Cups | Drinkware | Google Merchandise Store,,/google+redesign/,1,1,
3,2966181519580525760,Social,57306,United States,not available in demo dataset,,,91,11,,20170317,1489792082,PAGE,,,19990000,,GGOEAOCB077499,Android RFID Journal,Home/Shop by Brand/Android/,(not set),,,,,,Android | Shop by Brand | Google Merchandise Store,,/google+redesign/,2,1,
2,9247530999213434637,Organic Search,327792,United Arab Emirates,not available in demo dataset,,,553,10,,20160928,1475062372,PAGE,,,58990000,,GGOEGEHQ071199,"Google High Capacity 10,400mAh Charger",Home/Electronics/Power/,(not set),,,,,,Power,,/google+redesign/,2,1,
2,4835082938415020542,Direct,1444297,United States,not available in demo dataset,755300000,1,1444,32,,20161116,1479341021,PAGE,,5,4990000,25325000,GGOEGBMJ013399,Sport Bag,Bags,Single Option Only,USD,,,755300000,ORD201611162447,Checkout Confirmation,,/ordercompleted.html,6,1,
2,603646718962990199,Referral,106125,Netherlands,not available in demo dataset,478000000,1,2221,35,,20161129,1480450603,PAGE,,,119000000,,GGOENEBB078899,Nest® Cam Indoor Security Camera - USA,Home/Nest/Nest-USA/,(not set),,,,,,Nest-USA,,/google+redesign/,2,1,
2,0760185147017673561,Referral,870765,United States,not available in demo dataset,63380000,1,871,31,,20170429,1493502856,PAGE,,,39190000,,GGOEGADB059214,Google Men's Airflow 1/4 Zip Pullover Black,Apparel, MD,USD,,,,ORD201704291351,Checkout Confirmation,,/ordercompleted.html,6,1,
2,2073001123961505601,Social,522680,Egypt,not available in demo dataset,,,561,8,1,20170728,1501283449,PAGE,,,0,,9181019,Google Tri-blend Hoodie Grey,(not set),(not set),USD,,,,,Android Men's Long Sleeve Badge Crew Tee Heather,,/google+redesign/,0,1,
2,6379920233928997690,Organic Search,1550040,United States,not available in demo dataset,,,5483,142,,20161209,1481329896,EVENT,,,1500000,,GGOEGODR017799,Recycled Mouse Pad,Home/Accessories/,(not set),,,,,,Accessories | Google Merchandise Store,,/google+redesign/,1,1,
2,0449547423945494402,Organic Search,219402,United States,not available in demo dataset,,,402,6,,20170625,1498432369,EVENT,,,10990000,,GGOEYHPB072210,YouTube Twill Cap,Home/Shop by Brand/YouTube/,(not set),,,,,,YouTube | Shop by Brand | Google Merchandise Store,,/google+redesign/,1,1,
2,6091498163535424271,Organic Search,1429160,United States,New York,,,7455,176,,20160806,1470526572,EVENT,,1,24990000,,GGOEGDHQ014899,20 oz Stainless Steel Insulated Tumbler,Home/Accessories/Drinkware/,(not set),USD,,,,,Drinkware,,/google+redesign/,3,1,
2,5186802869072248264,Direct,972872,United States,Mountain View,199580000,1,1009,62,,20161104,1478272441,PAGE,,15,1590000,23933333,GGOEGKAA019299,Switch Tone Color Crayon Pen,Office,Single Option Only,USD,,,199580000,ORD201611041971,Checkout Confirmation,,/ordercompleted.html,6,1,
2,1307146392321152084,Organic Search,458190,United States,Boulder,153000000,1,493,20,,20170406,1491487752,PAGE,,,149000000,,GGOENEBJ079499,Nest® Learning Thermostat 3rd Gen-USA - Stainless Steel,Nest-USA, GREY,USD,,,,ORD201704062262,Checkout Confirmation,,/ordercompleted.html,6,1,
6,043584487743669327,Referral,341411,United States,Austin,,,509,16,,20170619,1497903092,PAGE,,1,25000000,,GGOEGGCX056299,Gift Card - $25.00,Gift Cards,Single Option Only,USD,,,,,Checkout Your Information,,/yourinfo.html,5,1,Billing and Shipping
2,8543796720468174481,Referral,93645,United States,New York,,,593,18,,20170430,1493602035,EVENT,,,99990000,,GGOEGAAX0795,25L Classic Rucksack,Home/Bags/Backpacks/,(not set),,,,,,Backpacks | Bags | Google Merchandise Store,,/google+redesign/,1,1,
2,1302369844915731964,Organic Search,480912,United States,not available in demo dataset,,,3296,98,,20170110,1484090727,PAGE,,,199000000,,GGOENEBQ078999,Nest® Cam Outdoor Security Camera - USA,Home/Nest/Nest-USA/,(not set),,,,,,Nest-USA,,/google+redesign/,2,1,
2,3592785671281234637,Paid Search,308201,United States,not available in demo dataset,209000000,1,308,12,,20170620,1498002505,PAGE,,,100000000,,GGOEGGCX056199,Gift Card- $100.00,Gift Cards,Single Option Only,USD,,,,ORD201706202153,Checkout Confirmation,,/ordercompleted.html,6,1,
2,0744194450160663160,Organic Search,171701,United States,Sunnyvale,106000000,1,228,13,,20170523,1495581116,PAGE,,,50000000,,GGOEGGCX056499,Gift Card - $50.00,Gift Cards,Single Option Only,USD,,,,,Payment Method,,/payment.html,5,2,Payment
2,7845114848613059919,Referral,741167,United States,New York,304320000,1,792,17,,20161215,1481840106,PAGE,,,8790000,,GGOEGDHC015299,23 oz Wide Mouth Sport Bottle,Drinkware,Single Option Only,USD,,,,,Checkout Review,,/revieworder.html,5,3,Review
2,0440373035810363378,Referral,207037,Ukraine,Kiev,,,3884,25,,20170604,1496597987,PAGE,,,18990000,,GGOEGAAX0341,Google Women's Vintage Hero Tee Black,Home/Apparel/Women's/Women's-T-Shirts/,(not set),,,,,,Women's T-Shirts | Apparel | Google Merchandise Store,,/google+redesign/,2,1,
2,7749769094473228577,Referral,9,United States,Mountain View,154000000,1,1194,11,,20170331,1490977933,PAGE,,,249000000,,GGOEGAAX0794,Nest® Learning Thermostat 3rd Gen-USA,Home/Nest/Nest-USA/,(not set),,,,,,Nest-USA,,/google+redesign/,2,1,
2,4890832126611809362,Organic Search,0,Sri Lanka,not available in demo dataset,,,,2,,20170610,1497087233,PAGE,,,10990000,,GGOEYHPB072210,YouTube Twill Cap,Home/Shop by Brand/YouTube/,(not set),USD,,,,,YouTube | Shop by Brand | Google Merchandise Store,,/google+redesign/,0,1,
2,8316567391407602026,Direct,494631,United States,Mountain View,365000000,1,495,27,,20161229,1483041128,PAGE,,,119000000,,GGOENEBB078899,Nest® Cam Indoor Security Camera - USA,Nest-USA,Single Option Only,USD,,,,ORD201612291562,Checkout Confirmation,,/ordercompleted.html,6,1,
2,5186802869072248264,Direct,791265,United States,Mountain View,199580000,1,1009,62,,20161104,1478272441,PAGE,,15,23850000,,GGOEGKAA019299,Switch Tone Color Crayon Pen,Office,Single Option Only,USD,,,,,Checkout Your Information,,/yourinfo.html,5,1,Billing and Shipping
2,0419611240165258862,Referral,639812,United States,not available in demo dataset,35950000,1,730,46,,20160916,1474052262,PAGE,,,7980000,,GGOEGBJC019999,Collapsible Shopping Bag,(not set),Single Option Only,USD,,,,,Payment Method,,/payment.html,5,2,Payment
2,7845114848613059919,Referral,438938,United States,New York,304320000,1,792,17,,20161215,1481840106,PAGE,,1,2390000,,GGOEGDHC018299,Google 22 oz Water Bottle,Drinkware, BLUE,USD,,,,,Checkout Your Information,,/yourinfo.html,5,1,Billing and Shipping
2,6736977205570964943,Referral,652566,United States,not available in demo dataset,,,1076,16,,20170628,1498715857,PAGE,,,1590000,,GGOEYFKQ020699,YouTube Custom Decals,Home/Accessories/Stickers/,(not set),,,,,,Stickers | Accessories | Google Merchandise Store,,/google+redesign/,2,1,
2,4365809776716151144,Display,275272,United States,San Bruno,106000000,1,275,13,,20170109,1483988529,PAGE,,1,50000000,53000000,GGOEGGCX056499,Gift Card - $50.00,Gift Cards,Single Option Only,USD,,,106000000,ORD201701092073,Checkout Confirmation,,/ordercompleted.html,6,1,
6,7360768108223062056,Organic Search,47937,United States,Sunnyvale,158000000,1,869,32,,20160914,1473902004,PAGE,,,25000000,,GGOEGGCX056299,Gift Card - $25.00,(not set),Single Option Only,USD,,,,,Payment Method,,/payment.html,5,2,Payment
6,043584487743669327,Referral,509377,United States,Austin,,,509,16,,20170619,1497903092,PAGE,,,25000000,,GGOEGGCX056299,Gift Card - $25.00,Gift Cards,Single Option Only,USD,,,,,Checkout Review,,/revieworder.html,5,3,Review
2,4835082938415020542,Direct,1089698,United States,not available in demo dataset,755300000,1,1444,32,,20161116,1479341021,PAGE,,10,35000000,,GGOEGBJR018199,Reusable Shopping Bag,Bags,Single Option Only,USD,,,,,Checkout Your Information,,/yourinfo.html,5,1,Billing and Shipping
6,7360768108223062056,Display,142271,United States,Sunnyvale,,,382,15,,20160914,1473896648,PAGE,,,25000000,,GGOEGGCX056299,Gift Card - $25.00,(not set),Single Option Only,USD,,,,,Checkout Review,,/revieworder.html,5,3,Review
2,0409094433310347683,Social,148687,Mexico,not available in demo dataset,,,175,36,,20161115,1479247537,EVENT,,,24990000,,GGOEGAAX0331,Google Men's Long Sleeve Raglan Ocean Blue,Home/Apparel/,(not set),,,,,,Apparel | Google Merchandise Store,,/google+redesign/,1,1,
2,389927133264987421,Organic Search,635299,Hong Kong,Hong Kong,,,1830,35,,20170323,1490261499,EVENT,,,24990000,,GGOEGDHB072199,Google Accent Insulated Stainless Steel Bottle,Home/Drinkware/,(not set),,,,,,Drinkware | Google Merchandise Store,,/google+redesign/,1,1,
2,4150778016163790406,Direct,3360031,United States,Salem,,,3393,38,60,20170710,1499716012,PAGE,,,250000000,,GGOEGGCX056399,Gift Card - $250.00,Gift Cards,Single Option Only,USD,,,,,Payment Method,,/payment.html,5,2,Payment
4,575143870190264156,Referral,189885,United States,not available in demo dataset,107000000,1,190,9,,20161224,1482608236,PAGE,,,25000000,,GGOEGGCX056299,Gift Card - $25.00,Gift Cards,Single Option Only,USD,,,,ORD20161224935,Checkout Confirmation,,/ordercompleted.html,6,1,
2,8767511864222479193,Social,118561,Algeria,not available in demo dataset,,,155,49,,20161101,1478021313,PAGE,,,9990000,,GGOEGDHG014499,Google Infuser-Top Water Bottle,Home/Drinkware/,(not set),,,,,,Drinkware | Google Merchandise Store,,/google+redesign/,2,1,
4,575143870190264156,Referral,39960,United States,not available in demo dataset,107000000,1,190,9,,20161224,1482608236,PAGE,,1,25000000,,GGOEGGCX056299,Gift Card - $25.00,Gift Cards,Single Option Only,USD,,,,,Checkout Your Information,,/yourinfo.html,5,1,Billing and Shipping
2,0071895336593296958,Social,726489,Brazil,not available in demo dataset,,,737,38,,20161212,1481540012,PAGE,,,16990000,,GGOEGAAX0105,Google Men's 100% Cotton Short Sleeve Hero Tee Black,Home/Apparel/,(not set),,,,,,Apparel | Google Merchandise Store,,/google+redesign/,2,1,
2,3333696341056456517,Direct,84730,Nicaragua,not available in demo dataset,,,390,23,,20170126,1485461556,EVENT,,,99990000,,GGOEGBRJ037299,Google Alpine Style Backpack,Home/Bags/Backpacks/,(not set),,,,,,Backpacks | Bags | Google Merchandise Store,,/google+redesign/,1,1,
4,9758235511148216157,Direct,660964,United States,Sunnyvale,134000000,2,705,22,,20170615,1497575168,PAGE,,1,25000000,,GGOEGGCX056299,Gift Card - $25.00,Gift Cards,Single Option Only,USD,,,,,Checkout Your Information,,/yourinfo.html,5,1,Billing and Shipping
2,8767511864222479193,Social,128298,Algeria,not available in demo dataset,,,155,49,,20161101,1478021313,EVENT,,,18990000,,GGOEGDHC074099,Google 17oz Stainless Steel Sport Bottle,Home/Drinkware/,(not set),,,,,,Drinkware | Google Merchandise Store,,/google+redesign/,1,1,
2,9565267141648549839,Social,35317,United States,not available in demo dataset,,,91,43,,20160914,1473884955,PAGE,,,25000000,,GGOEGGCX056299,Gift Card - $25.00,Home/Gift Cards/,(not set),,,,,,Gift Cards,,/google+redesign/,2,1,
2,207142508991346416,Direct,37308,Azerbaijan,not available in demo dataset,,,37,8,,20170327,1490637994,PAGE,,,21990000,,GGOEYHPA003510,YouTube Trucker Hat,Home/Shop by Brand/YouTube/,(not set),,,,,,YouTube | Shop by Brand | Google Merchandise Store,,/google+redesign/,2,1,
2,0001266240591974276,Referral,347628,Spain,Madrid,,,352,66,,20170606,1496753265,PAGE,,,12990000,,GGOEGACB023699,Yoga Block,Home/Clearance Sale/,(not set),,,,,,Clearance Sale,,/store.html/,2,1,
2,5186802869072248264,Direct,998705,United States,Mountain View,199580000,1,1009,62,,20161104,1478272441,PAGE,,,2390000,,GGOEGOAQ020099,Four Color Retractable Pen,Office,Single Option Only,USD,,,,ORD201611041971,Checkout Confirmation,,/ordercompleted.html,6,1,
2,418555043165391870,Organic Search,331312,United States,Miami,,,603,29,,20161017,1476705979,EVENT,,,13990000,,GGOEGBCR024399,Google Lunch Bag,Home/Accessories/Housewares/,(not set),,,,,,Housewares | Accessories | Google Merchandise Store,,/google+redesign/,1,1,
2,5903416522146447871,Referral,0,United States,Mountain View,,,,3,,20160831,1472648233,PAGE,,,15190000,,GGOEGAAX0684,Google Youth Short Sleeve T-shirt Green,Home/Apparel/Kid's/Kids-Youth/,(not set),,,,,,Kids-Youth,,/google+redesign/,2,1,
22,4884778281436388667,Referral,485415,United States,Cambridge,555000000,1,485,75,,20161128,1480363993,PAGE,,,25000000,,GGOEGGCX056299,Gift Card - $25.00,Gift Cards,Single Option Only,USD,,,,ORD201611283845,Checkout Confirmation,,/ordercompleted.html,6,1,
2,4977888869536759660,Organic Search,128807,United States,Los Angeles,,,929,14,,20170701,1498944529,EVENT,,,4990000,,GGOEGBFC018799,Electronics Accessory Pouch,Home/Bags/,(not set),,,,,,Bags | Google Merchandise Store,,/google+redesign/,1,1,
2,0001266240591974276,Referral,349004,Spain,Madrid,,,352,66,,20170606,1496753265,EVENT,,,12990000,,GGOEGACB023699,Yoga Block,Home/Clearance Sale/,(not set),,,,,,Clearance Sale,,/store.html,1,1,
2,154104806751769000,Organic Search,1024809,United States,not available in demo dataset,821710000,1,1025,23,,20170430,1493613970,PAGE,,,13290000,,GGOEGALB034114,Google Women's Vintage Hero Tee Black,Apparel, MD,USD,,,,ORD201704301386,Checkout Confirmation,,/ordercompleted.html,6,1,
2,7029245392581399860,Social,236306,Egypt,not available in demo dataset,,,463,36,,20170328,1490703093,EVENT,,,250000000,,GGOEGGCX056399,Gift Card - $250.00,Home/Gift Cards/,(not set),,,,,,Gift Cards | Google Merchandise Store,,/google+redesign/,1,1,
11,8436426603099391262,Referral,878549,United States,Ann Arbor,829000000,1,969,75,,20160901,1472781277,PAGE,,,50000000,,GGOEGGCX056499,Gift Card - $50.00,(not set),Single Option Only,USD,,,,,Payment Method,,/payment.html,5,2,Payment
6,7360768108223062056,Display,189210,United States,Sunnyvale,,,382,15,,20160914,1473896648,PAGE,,,25000000,,GGOEGGCX056299,Gift Card - $25.00,(not set),Single Option Only,USD,,,,,Checkout Review,,/revieworder.html,5,3,Review
2,7029245392581399860,Social,256995,Egypt,not available in demo dataset,,,463,36,,20170328,1490703093,PAGE,,,50000000,,GGOEGGCX056499,Gift Card - $50.00,Home/Gift Cards/,(not set),,,,,,Gift Cards | Google Merchandise Store,,/google+redesign/,2,1,
2,0824839726118485274,Organic Search,1760635,United States,not available in demo dataset,,,5927,31,,20161012,1476279545,PAGE,,,55990000,,GGOEGAAX0358,Google Men's  Zip Hoodie,Home/Apparel/Men's/Men's-Outerwear/,(not set),,,,,,Men's Outerwear | Apparel | Google Merchandise Store,,/google+redesign/,2,1,
2,5311253006486037295,Referral,42937,Spain,not available in demo dataset,,,143,59,,20160802,1470159345,PAGE,,,79990000,,GGOEGBMC056599,Waterpoof Gear Bag,Home/Limited Supply/Bags/Backpacks/,(not set),,,,,,Backpacks,,/google+redesign/,2,1,
14,4191489896925210475,Referral,814181,United States,Kirkland,351000000,1,1500,67,,20161221,1482360949,PAGE,,,25000000,,GGOEGGCX056299,Gift Card - $25.00,Gift Cards,Single Option Only,USD,,,,ORD201612212603,Checkout Confirmation,,/ordercompleted.html,6,1,
2,2315812288466987088,Direct,707863,Guatemala,not available in demo dataset,,,2137,91,,20160813,1471127858,PAGE,,,990000,,GGOEGGOA017399,Maze Pen,Home/Office/,(not set),,,,,,Office,,/google+redesign/,2,1,
2,7697210138804043868,Referral,2266318,United States,Mountain View,220970000,1,3487,56,,20170127,1485572189,PAGE,,,19990000,,GGOEGAEC033115,Google Men's Long Sleeve Raglan Ocean Blue,Apparel, LG,USD,,,,ORD201701271869,Checkout Confirmation,,/ordercompleted.html,6,1,
11,8436426603099391262,Referral,918926,United States,Ann Arbor,829000000,1,969,75,,20160901,1472781277,PAGE,,,25000000,,GGOEGGCX056299,Gift Card - $25.00,(not set),Single Option Only,USD,,,,,Checkout Review,,/revieworder.html,5,3,Review
2,0933979113543871596,Organic Search,376573,India,Gurgaon,,,2558,29,,20160926,1474956035,PAGE,,,4990000,,GGOEGBJC019999,Collapsible Shopping Bag,Home/Bags/Shopping and Totes/,(not set),,,,,,Shopping and Totes,,/google+redesign/,2,1,
2,2423762331477387778,Organic Search,178696,Argentina,Buenos Aires,,,202,8,,20161020,1476975952,EVENT,,,8990000,,GGOEGDWC020199,Engraved Ceramic Google Mug,Home/Drinkware/Mugs and Cups/,(not set),,,,,,Mugs & Cups | Drinkware | Google Merchandise Store,,/google+redesign/,1,1,
2,5004204272608279977,Referral,803441,United States,Mountain View,,,1760,31,,20170130,1485821025,EVENT,,,55990000,,GGOEGAAX0359,Android Men's  Zip Hoodie,Home/Apparel/Men's/,(not set),,,,,,Men's Apparel | Google Merchandise Store,,/google+redesign/,1,1,
2,2180674327795849272,Social,287495,France,not available in demo dataset,,,300,34,,20170423,1492946292,EVENT,,,4990000,,GGOEYDHJ056099,22 oz YouTube Bottle Infuser,Home/Shop by Brand/YouTube/,(not set),,,,,,YouTube | Shop by Brand | Google Merchandise Store,,/google+redesign/,1,1,
2,4647034471794650114,Social,39561,Italy,Naples,,,49,11,,20170307,1488900033,PAGE,,,21990000,,GGOEGAAX0599,Google Women's Short Sleeve Performance Tee Black,Home/Apparel/Women's/Women's-Performance Wear/,(not set),,,,,,Women's Performance Wear | Apparel | Google Merchandise Store,,/google+redesign/,2,1,
11,8436426603099391262,Referral,968671,United States,Ann Arbor,829000000,1,969,75,,20160901,1472781277,PAGE,,1,50000000,50181818,GGOEGGCX056499,Gift Card - $50.00,(not set),Single Option Only,USD,,,829000000,ORD201609011752,Checkout Confirmation,,/ordercompleted.html,6,1,
2,1112885232603144928,Referral,120925,United States,Sunnyvale,,,672,14,,20170307,1488947138,PAGE,,,119000000,,GGOENEBB078899,Nest® Cam Indoor Security Camera - USA,Home/Nest/Nest-USA/,(not set),,,,,,Nest-USA,,/google+redesign/,2,1,
3,2215886195509488549,Social,78420,India,Chennai,,,425,24,,20170626,1498495900,PAGE,,,29990000,,GGOEGAAX0351,YouTube Men's Vintage Henley,Home/Shop by Brand/YouTube/,(not set),,,,,,YouTube | Shop by Brand | Google Merchandise Store,,/google+redesign/,2,1,
11,8436426603099391262,Referral,867401,United States,Ann Arbor,829000000,1,969,75,,20160901,1472781277,PAGE,,1,50000000,,GGOEGGCX056499,Gift Card - $50.00,(not set),Single Option Only,USD,,,,,Checkout Your Information,,/yourinfo.html,5,1,Billing and Shipping
2,5186802869072248264,Direct,998705,United States,Mountain View,199580000,1,1009,62,,20161104,1478272441,PAGE,,,2000000,,GGOEGOAQ012899,Ballpoint LED Light Pen,Office,Single Option Only,USD,,,,ORD201611041971,Checkout Confirmation,,/ordercompleted.html,6,1,
2,154104806751769000,Organic Search,1024809,United States,not available in demo dataset,821710000,1,1025,23,,20170430,1493613970,PAGE,,,16990000,,GGOEGAAB010517,Google Men's 100% Cotton Short Sleeve Hero Tee Black,Apparel, 2XL,USD,,,,ORD201704301386,Checkout Confirmation,,/ordercompleted.html,6,1,
2,248871143079897060,Referral,656243,South Korea,not available in demo dataset,,,692,10,,20161004,1475591887,EVENT,,,104990000,,GGOEGAAX0586,Google Women's Yoga Jacket Black,${escCatTitle},(not set),,,,,,Store search results,,/asearch.html,1,1,
2,69676681379748429,Organic Search,60102,Côte d’Ivoire,not available in demo dataset,,,114,8,,20160913,1473779610,EVENT,,,20990000,,GGOEGAAX0357,Android Men's Vintage Tank,Home/Apparel/Men's/Men's-T-Shirts/,(not set),,,,,,Men's-T-Shirts,,/google+redesign/,1,1,
3,0651825379807294261,Social,2668418,Uruguay,(not set),,,2678,32,,20160806,1470489842,PAGE,,,18990000,,GGOEGAAX0325,YouTube Men's Short Sleeve Hero Tee Charcoal,Home/Apparel/Men's/Men's-T-Shirts/,(not set),,,,,,Men's-T-Shirts,,/google+redesign/,2,1,
2,5186802869072248264,Direct,998705,United States,Mountain View,199580000,1,1009,62,,20161104,1478272441,PAGE,,,790000,,GGOEGGOA017399,Maze Pen,Office,Single Option Only,USD,,,,ORD201611041971,Checkout Confirmation,,/ordercompleted.html,6,1,
3,0852801263780322,Direct,328308,United States,Sunnyvale,80000000,1,675,22,,20170627,1498594489,PAGE,,1,25000000,26666666,GGOEGGCX056299,Gift Card - $25.00,Gift Cards,Single Option Only,USD,,,80000000,ORD201706272687,Checkout Confirmation,,/ordercompleted.html,6,1,
2,1471107547736258296,Organic Search,52068,United States,San Francisco,,,2593,45,,20160804,1470334615,PAGE,,,55990000,,GGOEGAAX0358,Google Men's  Zip Hoodie,Home/Apparel/Men's/Men's-Outerwear/,(not set),,,,,,Men's-Outerwear,,/google+redesign/,2,1,
2,3812104116975829155,Organic Search,1727181,United States,not available in demo dataset,,,3754,39,,20170505,1494049200,PAGE,,,4990000,,GGOEYDHJ056099,22 oz YouTube Bottle Infuser,Home/Shop by Brand/YouTube/,(not set),,,,,,YouTube | Shop by Brand | Google Merchandise Store,,/google+redesign/,2,1,
2,9080841843757773264,Direct,66349,United States,not available in demo dataset,477000000,1,954,45,,20170129,1485724369,EVENT,,,199000000,,GGOENEBQ078999,Nest® Cam Outdoor Security Camera - USA,Home/Nest/Nest-USA/,(not set),,,,,,Nest-USA,,/google+redesign/,1,1,
6,7360768108223062056,Display,2090488,United States,Sunnyvale,,,2262,16,,20160914,1473890234,PAGE,,,25000000,,GGOEGGCX056299,Gift Card - $25.00,(not set),Single Option Only,USD,,,,,Payment Method,,/payment.html,5,2,Payment
2,3424896446143950354,Organic Search,220515,United States,not available in demo dataset,,,1167,28,,20170613,1497367611,PAGE,,,1500000,,GGOEGFKA022299,Keyboard DOT Sticker,Home/Office/,(not set),,,,,,Office | Google Merchandise Store,,/google+redesign/,2,1,
2,9807810073786833302,Organic Search,291159,United States,not available in demo dataset,,,544,14,,20170518,1495144199,EVENT,,,11990000,,GGOEGKWR060810,Google Bib Red,Home/Apparel/,(not set),,,,,,Apparel | Google Merchandise Store,,/google+redesign/,1,1,
2,0096184005314908638,Referral,1008970,United States,Mountain View,,,1098,7,,20170310,1489165237,EVENT,,1,119000000,,GGOENEBB078899,Nest® Cam Indoor Security Camera - USA,Home/Nest/Nest-USA/,(not set),USD,,,,,Nest-USA,,/google+redesign/,3,1,
9,0780206376162514125,Referral,2147975,United States,not available in demo dataset,505000000,3,2269,92,,20160908,1473373023,PAGE,,,25000000,,GGOEGGCX056299,Gift Card - $25.00,(not set),Single Option Only,USD,,,,ORD201609081668,Checkout Confirmation,,/ordercompleted.html,6,1,
10,2788555723243018631,Direct,1074251,United States,San Francisco,258000000,1,1125,58,,20160801,1470077433,PAGE,,1,25000000,,GGOEGGCX056299,Gift Card - $25.00,(not set),Single Option Only,USD,,,,,Checkout Review,,/revieworder.html,5,1,
4,575143870190264156,Referral,116649,United States,not available in demo dataset,107000000,1,190,9,,20161224,1482608236,PAGE,,,25000000,,GGOEGGCX056299,Gift Card - $25.00,Gift Cards,Single Option Only,USD,,,,,Payment Method,,/payment.html,5,2,Payment
2,8492938475069613497,Direct,2053388,United States,not available in demo dataset,156000000,1,2199,24,,20161124,1480056371,PAGE,,,149000000,,GGOENEBJ079499,Nest® Learning Thermostat 3rd Gen-USA - Stainless Steel,Nest-USA,Single Option Only,USD,,,,ORD201611242214,Checkout Confirmation,,/ordercompleted.html,6,1,
2,0071895336593296958,Social,726491,Brazil,not available in demo dataset,,,737,38,,20161212,1481540012,EVENT,,,16990000,,GGOEGAAX0105,Google Men's 100% Cotton Short Sleeve Hero Tee Black,Home/Apparel/,(not set),,,,,,Apparel | Google Merchandise Store,,/google+redesign/,1,1,
2,6379920233928997690,Organic Search,1550040,United States,not available in demo dataset,,,5483,142,,20161209,1481329896,PAGE,,,1500000,,GGOEGODR017799,Recycled Mouse Pad,Home/Accessories/,(not set),,,,,,Accessories | Google Merchandise Store,,/google+redesign/,2,1,
2,0053895332124593586,Direct,279911,United Kingdom,not available in demo dataset,,,862,31,,20170312,1489354191,EVENT,,,16990000,,GGOEGAAX0105,Google Men's 100% Cotton Short Sleeve Hero Tee Black,Home/Apparel/Men's/Men's-T-Shirts/,(not set),,,,,,Men's T-Shirts | Apparel | Google Merchandise Store,,/store.html,1,1,
2,9224396207691502440,Social,722154,India,(not set),,,1482,12,,20170330,1490857877,PAGE,,,24990000,,GGOEYHPA003610,YouTube Wool Heather Cap Heather/Black,Home/Shop by Brand/YouTube/,(not set),,,,,,YouTube | Shop by Brand | Google Merchandise Store,,/google+redesign/,2,1,
3,603646718962990199,Referral,106125,Netherlands,not available in demo dataset,478000000,1,2221,35,,20161129,1480450603,EVENT,,,119000000,,GGOENEBB078899,Nest® Cam Indoor Security Camera - USA,Home/Nest/Nest-USA/,(not set),,,,,,Nest-USA,,/google+redesign/,1,1,
10,0780206376162514125,Referral,1875386,United States,not available in demo dataset,505000000,3,2269,92,,20160908,1473373023,PAGE,,1,25000000,,GGOEGGCX056299,Gift Card - $25.00,(not set),Single Option Only,USD,,,,,Checkout Your Information,,/yourinfo.html,5,1,Billing and Shipping
2,5186802869072248264,Direct,998705,United States,Mountain View,199580000,1,1009,62,,20161104,1478272441,PAGE,,,3990000,,GGOEGESC014099,Rocket Flashlight,Electronics,Single Option Only,USD,,,,ORD201611041971,Checkout Confirmation,,/ordercompleted.html,6,1,
2,1876489728565551947,Referral,765258,United States,Santa Clara,541000000,1,797,25,,20170525,1495761451,PAGE,,,119000000,,GGOENEBB078899,Nest® Cam Indoor Security Camera - USA,Nest-USA,Single Option Only,USD,,,,ORD201705252340,Checkout Confirmation,,/ordercompleted.html,6,1,
2,6724418589711135499,Organic Search,383378,Japan,not available in demo dataset,,,427,35,,20170310,1489182397,PAGE,,,55990000,,GGOEGAAX0358,Google Men's  Zip Hoodie,Home/Apparel/Men's/Men's-Outerwear/,(not set),,,,,,Men's Outerwear | Apparel | Google Merchandise Store,,/google+redesign/,2,1,
2,8029260349654374232,Referral,794906,United States,Mountain View,359000000,1,800,19,,20170510,1494438447,PAGE,,,119000000,,GGOENEBQ078999,Nest® Cam Outdoor Security Camera - USA,Nest-USA,Single Option Only,USD,,,,ORD201705102076,Checkout Confirmation,,/ordercompleted.html,6,1,
2,0001266240591974276,Referral,349004,Spain,Madrid,,,352,66,,20170606,1496753265,PAGE,,,12990000,,GGOEGACB023699,Yoga Block,Home/Clearance Sale/,(not set),,,,,,Clearance Sale,,/store.html/,2,1,
2,4835082938415020542,Direct,1345114,United States,not available in demo dataset,755300000,1,1444,32,,20161116,1479341021,PAGE,,,35000000,,GGOEGBJR018199,Reusable Shopping Bag,Bags,Single Option Only,USD,,,,,Checkout Review,,/revieworder.html,5,3,Review
2,2689556653800639103,Referral,430727,United States,not available in demo dataset,38390000,1,447,24,,20170619,1497896617,PAGE,,,36390000,,GGOEGATB060215,Google Women's 1/4 Zip Performance Pullover Black,Apparel, LG,USD,,,,ORD201706192310,Checkout Confirmation,,/ordercompleted.html,6,1,
2,9035306047185052141,Organic Search,494762,United States,Salem,,,519,11,,20161004,1475592618,PAGE,,,16990000,,GGOEGAAX0318,YouTube Men's Short Sleeve Hero Tee Black,Home/Apparel/Men's/Men's-T-Shirts/,(not set),,,,,,Men's-T-Shirts,,/store.html/,2,1,
2,5186802869072248264,Direct,972894,United States,Mountain View,199580000,1,1009,62,,20161104,1478272441,PAGE,,,1590000,,GGOEGKAA019299,Switch Tone Color Crayon Pen,Office,Single Option Only,USD,,,,ORD201611041971,Checkout Confirmation,,/ordercompleted.html,6,1,
2,8769663090721675478,Organic Search,464170,United States,not available in demo dataset,53000000,1,464,12,40,20170728,1501254252,PAGE,,1,25000000,26500000,GGOEGGCX056299,Gift Card - $25.00,Gift Cards,Single Option Only,USD,,,53000000,ORD201707282216,Checkout Confirmation,,/ordercompleted.html,6,1,
2,9807810073786833302,Organic Search,291159,United States,not available in demo dataset,,,544,14,,20170518,1495144199,PAGE,,,11990000,,GGOEGKWR060810,Google Bib Red,Home/Apparel/,(not set),,,,,,Apparel | Google Merchandise Store,,/google+redesign/,2,1,
2,4089398984309263376,Direct,157590,India,Bengaluru,,,158,3,,20170311,1489227939,PAGE,,,2990000,,GGOEGFKQ020799,Google Doodle Decal,Home/Accessories/Stickers/,(not set),USD,,,,,Stickers | Accessories | Google Merchandise Store,,/google+redesign/,0,1,
2,4890832126611809362,Organic Search,0,Sri Lanka,not available in demo dataset,,,,2,,20170610,1497087233,PAGE,,,29990000,,GGOEGAAX0351,YouTube Men's Vintage Henley,Home/Shop by Brand/YouTube/,(not set),USD,,,,,YouTube | Shop by Brand | Google Merchandise Store,,/google+redesign/,0,1,
2,4890832126611809362,Organic Search,0,Sri Lanka,not available in demo dataset,,,,2,,20170610,1497087233,PAGE,,,8990000,,GGOEYOBR078599,YouTube Luggage Tag,Home/Shop by Brand/YouTube/,(not set),USD,,,,,YouTube | Shop by Brand | Google Merchandise Store,,/google+redesign/,0,1,
2,2315812288466987088,Direct,1028247,Guatemala,not available in demo dataset,,,2137,91,,20160813,1471127858,PAGE,,,5500000,,GGOEGOAR013599,Ballpoint Stylus Pen,Home/Office/,(not set),,,,,,Office,,/google+redesign/,2,1,
2,5994131853859387124,Direct,284524,United States,not available in demo dataset,,,446,26,,20160824,1472097382,EVENT,,,18990000,,GGOEGAAX0324,Android Men's Short Sleeve Tri-blend Hero Tee Grey,Home/Apparel/Men's/,(not set),,,,,,Men's,,/google+redesign/,1,1,
2,570510826091516235,Display,443637,United States,San Francisco,,,498,20,40,20170722,1500761552,EVENT,,,19990000,,GGOEAXXX0808,Android Men's Engineer Short Sleeve Tee Charcoal,Home/Apparel/Men's/Men's-T-Shirts/,(not set),,,,,,Men's T-Shirts | Apparel | Google Merchandise Store,,/google+redesign/,1,1,
2,0309991292869648175,Organic Search,15223,Philippines,not available in demo dataset,,,187,5,,20161218,1482088711,PAGE,,,24990000,,GGOEGAAX0331,Google Men's Long Sleeve Raglan Ocean Blue,Home/Apparel/Men's/Men's-T-Shirts/,(not set),,,,,,Men's T-Shirts | Apparel | Google Merchandise Store,,/google+redesign/,2,1,
4,575143870190264156,Referral,317080,United States,not available in demo dataset,,,469,26,,20161224,1482567083,PAGE,,,25000000,,GGOEGGCX056299,Gift Card - $25.00,Gift Cards,Single Option Only,USD,,,,,Payment Method,,/payment.html,5,2,Payment
2,987390821892515431,Organic Search,527643,United States,Seattle,29000000,1,528,11,,20170623,1498251943,PAGE,,,25000000,,GGOEGGCX056299,Gift Card - $25.00,Gift Cards,Single Option Only,USD,,,,ORD201706231934,Checkout Confirmation,,/ordercompleted.html,6,1,
2,3999401576086294553,Organic Search,52678,Canada,not available in demo dataset,,,449,17,,20170215,1487194020,PAGE,,,99990000,,GGOEGAAX0795,25L Classic Rucksack,Home/Bags/Backpacks/,(not set),,,,,,Backpacks | Bags | Google Merchandise Store,,/google+redesign/,2,1,
6,7360768108223062056,Display,367858,United States,Sunnyvale,,,382,15,,20160914,1473896648,PAGE,,,25000000,,GGOEGGCX056299,Gift Card - $25.00,(not set),Single Option Only,USD,,,,,Checkout Review,,/revieworder.html,5,3,Review
2,9697929460014674172,Organic Search,1586208,United States,San Francisco,34950000,1,3201,64,,20161005,1475733990,PAGE,,,4990000,,GGOEGCBC074299,Google Device Stand,(not set),Single Option Only,USD,,,,ORD201610052883,Checkout Confirmation,,/ordercompleted.html,6,1,
2,7845114848613059919,Referral,438938,United States,New York,304320000,1,792,17,,20161215,1481840106,PAGE,,1,2390000,,GGOEGDHR018499,Google 22 oz Water Bottle,Drinkware, RED,USD,,,,,Checkout Your Information,,/yourinfo.html,5,1,Billing and Shipping
2,7663572805012471269,Paid Search,3477,United States,San Francisco,,,3,3,,20161127,1480276030,PAGE,,,74990000,,GGOEGAAX0582,Google Women's Lightweight Microfleece Jacket,Home/Shop by Brand/Google/,(not set),,,,,,Google | Shop by Brand | Google Merchandise Store,,/google+redesign/,2,1,
2,3413671183714517147,Direct,926707,United States,not available in demo dataset,390000000,2,1170,27,,20161127,1480276670,PAGE,,,149000000,,GGOENEBJ079499,Nest® Learning Thermostat 3rd Gen-USA - Stainless Steel,Nest-USA,Single Option Only,USD,,,,ORD201611272066,Checkout Confirmation,,/ordercompleted.html,6,1,
2,1594377054734291996,Organic Search,409031,United States,San Francisco,,,2980,28,,20170616,1497625839,PAGE,,,18990000,,GGOEGAAX0297,Google Women's Short Sleeve Hero Tee Red Heather,${escCatTitle},(not set),,,,,,Store search results,,/asearch.html/,2,1,
2,917551604501805376,Direct,86836,Russia,not available in demo dataset,,,145,53,,20170428,1493445465,PAGE,,,24990000,,GGOEAHPA004110,Android Wool Heather Cap Heather/Black,Home/Shop by Brand/Android/,(not set),,,,,,Android | Shop by Brand | Google Merchandise Store,,/store.html/,2,1,
2,1854440936315683918,Social,343045,Argentina,not available in demo dataset,,,513,6,,20161111,1478934994,PAGE,,,24990000,,GGOEGAAX0331,Google Men's Long Sleeve Raglan Ocean Blue,Home/Apparel/,(not set),,,,,,Apparel | Google Merchandise Store,,/google+redesign/,2,1,
4,7360768108223062056,Organic Search,184159,United States,Sunnyvale,209000000,1,337,22,,20160914,1473905072,PAGE,,,50000000,,GGOEGGCX056499,Gift Card - $50.00,(not set),Single Option Only,USD,,,,,Payment Method,,/payment.html,5,2,Payment
2,0879329198173879190,Direct,290273,Singapore,Singapore,,,2129,63,,20170313,1489472601,EVENT,,,16990000,,GGOEGAAX0279,Google Women's Short Sleeve Hero Tee White,Home/Apparel/Women's/,(not set),,,,,,Women's Apparel | Google Merchandise Store,,/google+redesign/,1,1,
2,5994131853859387124,Direct,284524,United States,not available in demo dataset,,,446,26,,20160824,1472097382,PAGE,,,18990000,,GGOEGAAX0324,Android Men's Short Sleeve Tri-blend Hero Tee Grey,Home/Apparel/Men's/,(not set),,,,,,Men's,,/google+redesign/,2,1,
2,5926787901460858426,Social,67858,Venezuela,not available in demo dataset,,,313,10,,20170208,1486571423,EVENT,,1,49990000,,GGOEGEVB070499,Google Bluetooth Headphones,Home/Electronics/Audio/,(not set),USD,,,,,Audio | Electronics | Google Merchandise Store,,/google+redesign/,3,1,
6,043584487743669327,Referral,254719,United States,Austin,192560000,2,346,21,,20170619,1497905556,PAGE,,,25000000,,GGOEGGCX056299,Gift Card - $25.00,Gift Cards,Single Option Only,USD,,,,,Payment Method,,/payment.html,5,2,Payment
4,7360768108223062056,Organic Search,283353,United States,Sunnyvale,209000000,1,337,22,,20160914,1473905072,PAGE,,,50000000,,GGOEGGCX056499,Gift Card - $50.00,(not set),Single Option Only,USD,,,,ORD201609141716,Checkout Confirmation,,/ordercompleted.html,6,1,
2,0117526410729664708,Paid Search,1061503,United States,not available in demo dataset,20990000,1,1062,24,,20170518,1495138311,PAGE,,,16990000,,GGOEGAAB010514,Google Men's 100% Cotton Short Sleeve Hero Tee Black,Apparel, MD,USD,,,,ORD201705182803,Checkout Confirmation,,/ordercompleted.html,6,1,
3,1915538933685278364,Referral,594525,United States,San Jose,,,638,22,,20161221,1482356339,PAGE,,,100000000,,GGOEGGCX056199,Gift Card- $100.00,Gift Cards,Single Option Only,USD,,,,,Payment Method,,/payment.html,5,2,Payment
4,3244918821752957507,Referral,386110,United States,not available in demo dataset,201000000,1,585,28,,20160923,1474657463,PAGE,,1,50000000,,GGOEGGCX056499,Gift Card - $50.00,(not set),Single Option Only,USD,,,,,Checkout Your Information,,/yourinfo.html,5,1,Billing and Shipping
2,7975633115606017357,Paid Search,890116,United States,not available in demo dataset,,,2628,55,,20170404,1491370302,EVENT,,,1990000,,GGOEGFKQ020399,Google Laptop and Cell Phone Stickers,Home/Accessories/,(not set),,,,,,Accessories | Google Merchandise Store,,/google+redesign/,1,1,
2,649630446777241741,Direct,443430,United Kingdom,London,158000000,1,443,16,,20170117,1484681947,PAGE,,,149000000,,GGOENEBJ079499,Nest® Learning Thermostat 3rd Gen-USA - Stainless Steel,Nest-USA,Single Option Only,USD,,,,ORD201701172266,Checkout Confirmation,,/ordercompleted.html,6,1,
2,0137630270146268862,Paid Search,412470,United States,Hong Kong,,,1045,32,,20160807,1470620162,EVENT,,,10390000,,GGOEADWQ015699,Android Rise 14 oz Mug,Home/Accessories/Drinkware/,(not set),,,,,,Drinkware,,/google+redesign/,1,1,
2,0409094433310347683,Social,148686,Mexico,not available in demo dataset,,,175,36,,20161115,1479247537,EVENT,,,24990000,,GGOEGAAX0331,Google Men's Long Sleeve Raglan Ocean Blue,Home/Apparel/,(not set),,,,,,Apparel | Google Merchandise Store,,/google+redesign/,1,1,
2,1594377054734291996,Organic Search,250906,United States,San Francisco,,,2980,28,,20170616,1497625839,PAGE,,,18990000,,GGOEGAAX0297,Google Women's Short Sleeve Hero Tee Red Heather,${escCatTitle},(not set),,,,,,Store search results,,/asearch.html/,2,1,
2,3245124588515861127,Referral,1570555,United States,not available in demo dataset,,,2235,42,,20170405,1491411228,PAGE,,,30390000,,GGOEGEHQ072599,Google 4400mAh Power Bank,Home/Electronics/Power/,(not set),,,,,,Power & Chargers | Electronics | Google Merchandise Store,,/google+redesign/,2,1,
2,7438021961261408453,Referral,1813383,United States,Sunnyvale,52000000,1,1836,22,,20170524,1495663171,PAGE,,,25000000,,GGOEGGCX056299,Gift Card - $25.00,Gift Cards,Single Option Only,USD,,,,,Checkout Review,,/revieworder.html,5,3,Review
6,043584487743669327,Referral,488207,United States,Austin,,,509,16,,20170619,1497903092,PAGE,,,25000000,,GGOEGGCX056299,Gift Card - $25.00,Gift Cards,Single Option Only,USD,,,,,Checkout Review,,/revieworder.html,5,3,Review
11,8436426603099391262,Referral,867401,United States,Ann Arbor,829000000,1,969,75,,20160901,1472781277,PAGE,,1,25000000,,GGOEGGCX056299,Gift Card - $25.00,(not set),Single Option Only,USD,,,,,Checkout Your Information,,/yourinfo.html,5,1,Billing and Shipping
2,4064965394575953420,Organic Search,90502,Canada,not available in demo dataset,,,91,7,,20170404,1491356396,PAGE,,,39990000,,GGOEGEVA022399,Micro Wireless Earbud,Home/Electronics/Audio/,(not set),,,,,,Audio | Electronics | Google Merchandise Store,,/google+redesign/,2,1,
2,7288020122584380613,Direct,968457,Indonesia,not available in demo dataset,,,1144,14,,20170104,1483529704,PAGE,,,9990000,,GGOEYOCR078099,YouTube Spiral Journal with Pen,Home/Shop by Brand/YouTube/,(not set),,,,,,YouTube | Shop by Brand | Google Merchandise Store,,/google+redesign/,2,1,
11,8436426603099391262,Referral,878549,United States,Ann Arbor,829000000,1,969,75,,20160901,1472781277,PAGE,,,25000000,,GGOEGGCX056299,Gift Card - $25.00,(not set),Single Option Only,USD,,,,,Payment Method,,/payment.html,5,2,Payment
2,8767511864222479193,Social,106770,Algeria,not available in demo dataset,,,155,49,,20161101,1478021313,EVENT,,,24990000,,GGOEGDHB072199,Google Accent Insulated Stainless Steel Bottle,Home/Drinkware/,(not set),,,,,,Drinkware | Google Merchandise Store,,/google+redesign/,1,1,
2,1965703729833511722,Paid Search,170687,United States,New York,,,754,51,,20161225,1482680105,EVENT,,,16990000,,GGOEGAAX0107,Google Men's 100% Cotton Short Sleeve Hero Tee Red,${escCatTitle},(not set),,,,,,Store search results,,/asearch.html,1,1,
2,0219574228160531155,Referral,153327,United States,not available in demo dataset,,,556,31,,20170302,1488491778,PAGE,,,25000000,,GGOEGGCX056299,Gift Card - $25.00,Home/Gift Cards/,(not set),,,,,,Gift Cards | Google Merchandise Store,,/store.html/,2,1,
2,7845114848613059919,Referral,438938,United States,New York,304320000,1,792,17,,20161215,1481840106,PAGE,,1,8790000,,GGOEGDHC015299,23 oz Wide Mouth Sport Bottle,Drinkware,Single Option Only,USD,,,,,Checkout Your Information,,/yourinfo.html,5,1,Billing and Shipping
2,8767511864222479193,Social,106770,Algeria,not available in demo dataset,,,155,49,,20161101,1478021313,PAGE,,,24990000,,GGOEGDHB072199,Google Accent Insulated Stainless Steel Bottle,Home/Drinkware/,(not set),,,,,,Drinkware | Google Merchandise Store,,/google+redesign/,2,1,
2,106063603600493523,Organic Search,87429,United States,not available in demo dataset,,,134,20,,20161114,1479142311,EVENT,,,34990000,,GGOEGAAX0335,YouTube Men's Long Sleeve Pullover Badge Tee Heather,Home/Shop by Brand/YouTube/,(not set),,,,,,YouTube | Shop by Brand | Google Merchandise Store,,/google+redesign/,1,1,
2,3393813985766856114,Organic Search,90194,India,not available in demo dataset,,,131,19,,20160830,1472572166,PAGE,,,39990000,,GGOEGAAX0313,Google Tri-blend Hoodie Grey,Home/Apparel/Men's/Men's-Outerwear/,(not set),,,,,,Men's-Outerwear,,/google+redesign/,2,1,
2,9434100155146779985,Referral,947872,United States,Los Angeles,,,1805,21,,20170302,1488509550,EVENT,,,109990000,,GGOEGAAX0568,Google Men's Watershed Full Zip Hoodie Grey,${escCatTitle},(not set),,,,,,Store search results,,/asearch.html,1,1,
2,7764414178691949844,Organic Search,372603,India,Hyderabad,,,373,6,,20160912,1473709650,EVENT,,,10990000,,GGOEGFPR113699,16 oz. Hot and Cold Tumbler,Home/Drinkware/,(not set),,,,,,Drinkware,,/google+redesign/,1,1,
2,8767511864222479193,Social,128298,Algeria,not available in demo dataset,,,155,49,,20161101,1478021313,PAGE,,,18990000,,GGOEGDHC074099,Google 17oz Stainless Steel Sport Bottle,Home/Drinkware/,(not set),,,,,,Drinkware | Google Merchandise Store,,/google+redesign/,2,1,
2,4289169908775094802,Social,101738,India,not available in demo dataset,,,350,16,,20170210,1486799558,EVENT,,,1990000,,GGOEYFKQ020699,YouTube Custom Decals,Home/Shop by Brand/YouTube/,(not set),,,,,,YouTube | Shop by Brand | Google Merchandise Store,,/google+redesign/,1,1,
2,5004204272608279977,Referral,803441,United States,Mountain View,,,1760,31,,20170130,1485821025,PAGE,,,55990000,,GGOEGAAX0359,Android Men's  Zip Hoodie,Home/Apparel/Men's/,(not set),,,,,,Men's Apparel | Google Merchandise Store,,/google+redesign/,2,1,
2,2506515323453479322,Paid Search,283675,United States,not available in demo dataset,,,297,20,,20161215,1481790121,PAGE,,,55990000,,GGOEGAAX0358,Google Men's  Zip Hoodie,Home/Apparel/Men's/Men's-Outerwear/,(not set),,,,,,Men's Outerwear | Apparel | Google Merchandise Store,,/google+redesign/,2,1,
2,4835082938415020542,Direct,1444331,United States,not available in demo dataset,755300000,1,1444,32,,20161116,1479341021,PAGE,,,4990000,,GGOEGBMJ013399,Sport Bag,Bags,Single Option Only,USD,,,,ORD201611162447,Checkout Confirmation,,/ordercompleted.html,6,1,
2,4009815568871004225,Organic Search,179558,United States,Seattle,,,295,18,,20160804,1470323935,PAGE,,,55990000,,GGOEGAAX0360,Google Women's Fleece Hoodie,${escCatTitle},(not set),,,,,,Store search results,,/asearch.html/,2,1,
2,7567817112637547239,Organic Search,2239681,United States,Mountain View,101200000,2,2304,36,85,20170714,1500033101,PAGE,,1,25000000,,GGOEGGCX056299,Gift Card - $25.00,Gift Cards,Single Option Only,USD,,,,,Checkout Your Information,,/yourinfo.html,5,1,Billing and Shipping
2,7438021961261408453,Referral,525651,United States,Sunnyvale,52000000,1,1836,22,,20170524,1495663171,PAGE,,1,25000000,,GGOEGGCX056299,Gift Card - $25.00,Gift Cards,Single Option Only,USD,,,,,Checkout Your Information,,/yourinfo.html,5,1,Billing and Shipping
2,6689882881508585830,Direct,264930,Russia,not available in demo dataset,,,1102,54,21,20170716,1500215589,EVENT,,1,79990000,,GGOEGBMC056599,Waterproof Gear Bag,Home/Bags/,(not set),USD,,,,,Bags | Google Merchandise Store,,/google+redesign/,3,1,
2,3510382104237022008,Organic Search,179202,Thailand,Bangkok,,,222,11,,20160916,1474014080,PAGE,,,14990000,,GGOEGBPB021199,Google Slim Utility Travel Bag,Home/Bags/More Bags/,(not set),,,,,,More Bags,,/google+redesign/,2,1,
4,575143870190264156,Referral,469374,United States,not available in demo dataset,,,469,26,,20161224,1482567083,PAGE,,,25000000,,GGOEGGCX056299,Gift Card - $25.00,Gift Cards,Single Option Only,USD,,,,,Payment Method,,/payment.html,5,2,Payment
2,1876489728565551947,Referral,765258,United States,Santa Clara,541000000,1,797,25,,20170525,1495761451,PAGE,,,149000000,,GGOENEBQ084699,Nest® Learning Thermostat 3rd Gen-USA - White,Nest-USA,Single Option Only,USD,,,,ORD201705252340,Checkout Confirmation,,/ordercompleted.html,6,1,
2,552850508976566436,Organic Search,67845,Italy,not available in demo dataset,,,97,23,,20170411,1491938076,PAGE,,,10990000,,GGOEYHPB072210,YouTube Twill Cap,Home/Apparel/Headgear/,(not set),,,,,,Headgear | Apparel | Google Merchandise Store,,/store.html/,2,1,
2,2389277803750585227,Organic Search,2763479,Taiwan,(not set),,,4532,33,,20170425,1493109686,EVENT,,,16990000,,GGOEGAAX0104,Google Men's 100% Cotton Short Sleeve Hero Tee White,Home/Apparel/Men's/Men's-T-Shirts/,(not set),,,,,,Men's T-Shirts | Apparel | Google Merchandise Store,,/google+redesign/,1,1,
2,4647034471794650114,Social,48947,Italy,Naples,,,49,11,,20170307,1488900033,PAGE,,,98990000,,GGOEGAAX0607,Google Women's Convertible Vest-Jacket Sea Foam Green,Home/Apparel/Women's/Women's-Performance Wear/,(not set),,,,,,Women's Performance Wear | Apparel | Google Merchandise Store,,/google+redesign/,2,1,
2,7811793836284033294,Organic Search,240,United States,San Francisco,,,355,6,,20170107,1483821070,PAGE,,,10990000,,GGOEGHPB071610,Google Twill Cap,Home/Apparel/Headgear/,(not set),,,,,,Headgear | Apparel | Google Merchandise Store,,/google+redesign/,2,1,
4,9758235511148216157,Direct,689102,United States,Sunnyvale,134000000,2,705,22,,20170615,1497575168,PAGE,,,25000000,,GGOEGGCX056299,Gift Card - $25.00,Gift Cards,Single Option Only,USD,,,,,Checkout Review,,/revieworder.html,5,3,Review
2,5186802869072248264,Direct,902039,United States,Mountain View,199580000,1,1009,62,,20161104,1478272441,PAGE,,,23850000,,GGOEGKAA019299,Switch Tone Color Crayon Pen,Office,Single Option Only,USD,,,,,Payment Method,,/payment.html,5,2,Payment
2,4596351988415872717,Direct,170,United States,Palo Alto,,,114,13,,20161110,1478837139,PAGE,,,149000000,,GGOENEBJ079499,Nest® Learning Thermostat 3rd Gen-USA - Stainless Steel,Home/Nest/Nest-USA/,(not set),,,,,,Nest-USA,,/google+redesign/,2,1,
3,1915538933685278364,Referral,557739,United States,San Jose,,,638,22,,20161221,1482356339,PAGE,,1,100000000,,GGOEGGCX056199,Gift Card- $100.00,Gift Cards,Single Option Only,USD,,,,,Checkout Your Information,,/yourinfo.html,5,1,Billing and Shipping
2,5186802869072248264,Direct,998705,United States,Mountain View,199580000,1,1009,62,,20161104,1478272441,PAGE,,,10390000,,GGOEGDWR015799,Red Shine 15 oz Mug,Drinkware,Single Option Only,USD,,,,ORD201611041971,Checkout Confirmation,,/ordercompleted.html,6,1,
2,8368489856222393707,Direct,331828,United States,Mountain View,,,423,13,,20170216,1487286356,EVENT,,,16990000,,GGOEGAAX0104,Google Men's 100% Cotton Short Sleeve Hero Tee White,Home/Apparel/Men's/,(not set),,,,,,Men's Apparel | Google Merchandise Store,,/google+redesign/,1,1,
2,7438021961261408453,Referral,1836305,United States,Sunnyvale,52000000,1,1836,22,,20170524,1495663171,PAGE,,1,25000000,26000000,GGOEGGCX056299,Gift Card - $25.00,Gift Cards,Single Option Only,USD,,,52000000,ORD201705242510,Checkout Confirmation,,/ordercompleted.html,6,1,
9,0780206376162514125,Referral,2093132,United States,not available in demo dataset,505000000,3,2269,92,,20160908,1473373023,PAGE,,1,25000000,,GGOEGGCX056299,Gift Card - $25.00,(not set),Single Option Only,USD,,,,,Checkout Your Information,,/yourinfo.html,5,1,Billing and Shipping
2,1590294463633434388,Organic Search,385955,United States,not available in demo dataset,22980000,1,386,8,,20170115,1484518570,PAGE,,1,7990000,11490000,GGOEYDHJ019399,24 oz YouTube Sergeant Stripe Bottle,Drinkware,Single Option Only,USD,,,22980000,ORD201701151175,Checkout Confirmation,,/ordercompleted.html,6,1,
2,9205462508987662369,Organic Search,376473,Philippines,not available in demo dataset,81160000,1,2749,60,8,20170724,1500907610,PAGE,,,18990000,,GGOEGAAX0686,YouTube Youth Short Sleeve Tee Red,${escCatTitle},(not set),,,,,,Store search results,,/asearch.html/,2,1,
2,4150778016163790406,Direct,3349562,United States,Salem,,,3393,38,60,20170710,1499716012,PAGE,,,250000000,,GGOEGGCX056399,Gift Card - $250.00,Gift Cards,Single Option Only,USD,,,,,Payment Method,,/payment.html,5,2,Payment
2,917551604501805376,Direct,86865,Russia,not available in demo dataset,,,145,53,,20170428,1493445465,PAGE,,,24990000,,GGOEAHPA004110,Android Wool Heather Cap Heather/Black,Home/Shop by Brand/Android/,(not set),,,,,,Android | Shop by Brand | Google Merchandise Store,,/store.html/,2,1,
2,154104806751769000,Organic Search,1024809,United States,not available in demo dataset,821710000,1,1025,23,,20170430,1493613970,PAGE,,,23990000,,GGOEGALP036315,Google Women's Long Sleeve Tee Lavender,Apparel, LG,USD,,,,ORD201704301386,Checkout Confirmation,,/ordercompleted.html,6,1,
2,877823522891131062,Direct,10460,United States,San Jose,,,76,80,,20170528,1496005596,PAGE,,,1990000,,GGOEYFKQ020699,YouTube Custom Decals,Home/Shop by Brand/YouTube/,(not set),,,,,,YouTube | Shop by Brand | Google Merchandise Store,,/google+redesign/,2,1,
2,5186802869072248264,Direct,827999,United States,Mountain View,199580000,1,1009,62,,20161104,1478272441,PAGE,,,23850000,,GGOEGKAA019299,Switch Tone Color Crayon Pen,Office,Single Option Only,USD,,,,,Payment Method,,/payment.html,5,2,Payment
2,8769663090721675478,Organic Search,446151,United States,not available in demo dataset,53000000,1,464,12,40,20170728,1501254252,PAGE,,,25000000,,GGOEGGCX056299,Gift Card - $25.00,Gift Cards,Single Option Only,USD,,,,,Checkout Review,,/revieworder.html,5,3,Review
2,5539996708481290888,Organic Search,1271,United States,(not set),,,29,6,,20161216,1481907581,EVENT,,,39990000,,GGOEGEVA022399,Micro Wireless Earbud,Home/Electronics/Audio/,(not set),,,,,,Audio | Electronics | Google Merchandise Store,,/google+redesign/,1,1,
2,3857345481681589677,Organic Search,66554,Poland,not available in demo dataset,,,129,22,,20170412,1492008417,EVENT,,,99990000,,GGOEGBRA037499,Waterproof Backpack,Home/Bags/Backpacks/,(not set),,,,,,Backpacks | Bags | Google Merchandise Store,,/google+redesign/,1,1,
2,3438386296748685726,Referral,3121610,United States,New York,204500000,1,4941,45,,20161024,1477329243,PAGE,,,3990000,,GGOEGBJC019999,Collapsible Shopping Bag,Bags,Single Option Only,USD,,,,ORD201610242248,Checkout Confirmation,,/ordercompleted.html,6,1,
2,8236220456907982969,Organic Search,62222,United States,not available in demo dataset,,,822,14,,20170418,1492559196,EVENT,,,16990000,,GGOEGAAX0104,Google Men's 100% Cotton Short Sleeve Hero Tee White,Home/Apparel/,(not set),,,,,,Apparel | Google Merchandise Store,,/google+redesign/,1,1,
2,0409094433310347683,Social,144021,Mexico,not available in demo dataset,,,175,36,,20161115,1479247537,PAGE,,,24990000,,GGOEGAAX0331,Google Men's Long Sleeve Raglan Ocean Blue,Home/Apparel/,(not set),,,,,,Apparel | Google Merchandise Store,,/google+redesign/,2,1,
2,4804248359617977048,Referral,57610,United States,Mountain View,,,60,9,2,20170720,1500538454,EVENT,,,4990000,,GGOEGBMJ013399,Sport Bag,Home/Bags/More Bags/,(not set),,,,,,More Bags | Bags | Google Merchandise Store,,/google+redesign/,1,1,
2,3584866338364315305,Referral,77558,United States,not available in demo dataset,,,88,6,,20161030,1477853200,EVENT,,,39990000,,GGOEGAAX0313,Google Tri-blend Hoodie Grey,Home/Apparel/Men's/Men's-Outerwear/,(not set),,,,,,Men's Outerwear | Apparel | Google Merchandise Store,,/google+redesign/,1,1,
4,7360768108223062056,Organic Search,283329,United States,Sunnyvale,209000000,1,337,22,,20160914,1473905072,PAGE,,1,50000000,52250000,GGOEGGCX056499,Gift Card - $50.00,(not set),Single Option Only,USD,,,209000000,ORD201609141716,Checkout Confirmation,,/ordercompleted.html,6,1,
2,8769663090721675478,Organic Search,464172,United States,not available in demo dataset,53000000,1,464,12,40,20170728,1501254252,PAGE,,,25000000,,GGOEGGCX056299,Gift Card - $25.00,Gift Cards,Single Option Only,USD,,,,ORD201707282216,Checkout Confirmation,,/ordercompleted.html,6,1,
2,0409094433310347683,Social,144021,Mexico,not available in demo dataset,,,175,36,,20161115,1479247537,EVENT,,,24990000,,GGOEGAAX0331,Google Men's Long Sleeve Raglan Ocean Blue,Home/Apparel/,(not set),,,,,,Apparel | Google Merchandise Store,,/google+redesign/,1,1,
2,106063603600493523,Organic Search,87459,United States,not available in demo dataset,,,134,20,,20161114,1479142311,EVENT,,,34990000,,GGOEGAAX0335,YouTube Men's Long Sleeve Pullover Badge Tee Heather,Home/Shop by Brand/YouTube/,(not set),,,,,,YouTube | Shop by Brand | Google Merchandise Store,,/google+redesign/,2,1,
4,1614961404175770147,Organic Search,3057496,United States,not available in demo dataset,23990000,1,3816,42,,20170403,1491269737,EVENT,,,18990000,,GGOEGAAX0325,YouTube Men's Short Sleeve Hero Tee Charcoal,${escCatTitle},(not set),USD,,,,,YouTube Men's Short Sleeve Hero Tee Charcoal,,/google+redesign/,3,1,
6,7360768108223062056,Display,252864,United States,Sunnyvale,,,382,15,,20160914,1473896648,PAGE,,,25000000,,GGOEGGCX056299,Gift Card - $25.00,(not set),Single Option Only,USD,,,,,Checkout Review,,/revieworder.html,5,3,Review
2,077543019718825129,Referral,519666,United States,Mountain View,150000000,1,536,19,,20170502,1493763438,PAGE,,,149000000,,GGOENEBJ079499,Nest® Learning Thermostat 3rd Gen-USA - Stainless Steel,Nest-USA,Single Option Only,USD,,,,ORD201705022245,Checkout Confirmation,,/ordercompleted.html,6,1,
3,3182989904098958260,Organic Search,363,United States,not available in demo dataset,,,1303,29,,20170424,1493047321,PAGE,,,4990000,,GGOEGCBB074399,Google Device Holder Sticky Pad,Home/Electronics/,(not set),,,,,,Electronics | Google Merchandise Store,,/google+redesign/,2,1,
2,7845114848613059919,Referral,791561,United States,New York,304320000,1,792,17,,20161215,1481840106,PAGE,,1,2390000,2612222,GGOEGDHC018299,Google 22 oz Water Bottle,Drinkware, BLUE,USD,,,304320000,ORD201612152739,Checkout Confirmation,,/ordercompleted.html,6,1,
2,6891422330853688882,Referral,56,United States,San Francisco,274000000,1,554,16,,20170509,1494391564,PAGE,,,149000000,,GGOENEBQ084699,Nest® Learning Thermostat 3rd Gen-USA - White,Home/Nest/Nest-USA/,(not set),,,,,,Nest-USA,,/google+redesign/,2,1,
6,7360768108223062056,Display,2222009,United States,Sunnyvale,,,2262,16,,20160914,1473890234,PAGE,,,25000000,,GGOEGGCX056299,Gift Card - $25.00,(not set),Single Option Only,USD,,,,,Payment Method,,/payment.html,5,2,Payment
6,043584487743669327,Referral,318814,United States,Austin,192560000,2,346,21,,20170619,1497905556,PAGE,,1,25000000,25166666,GGOEGGCX056299,Gift Card - $25.00,Gift Cards,Single Option Only,USD,,,151000000,ORD201706192356,Checkout Confirmation,,/ordercompleted.html,6,1,
2,3360110693670348457,Organic Search,3057234,United States,not available in demo dataset,,,3142,11,22,20170719,1500501405,EVENT,,,18990000,,GGOEGAAX0325,YouTube Men's Short Sleeve Hero Tee Charcoal,Home/Shop by Brand/YouTube/,(not set),,,,,,YouTube | Shop by Brand | Google Merchandise Store,,/google+redesign/,1,1,
2,6029872331740528503,Organic Search,277111,United States,Ann Arbor,,,320,19,,20161013,1476412789,PAGE,,,1990000,,GGOEGFKQ020399,Google Laptop and Cell Phone Stickers,Home/Accessories/Stickers/,(not set),,,,,,Stickers | Accessories | Google Merchandise Store,,/google+redesign/,2,1,
2,2242384789815708129,Direct,35756,India,Kolkata,,,129,7,,20170124,1485252279,PAGE,,,76990000,,GGOEGEVB070699,Google Bluetooth Speaker-Power Bank,Home/Electronics/Power/,(not set),,,,,,Power & Chargers | Electronics | Google Merchandise Store,,/google+redesign/,2,1,
2,0651825379807294261,Social,2668418,Uruguay,(not set),,,2678,32,,20160806,1470489842,EVENT,,,18990000,,GGOEGAAX0325,YouTube Men's Short Sleeve Hero Tee Charcoal,Home/Apparel/Men's/Men's-T-Shirts/,(not set),,,,,,Men's-T-Shirts,,/google+redesign/,1,1,
2,0760185147017673561,Referral,870765,United States,not available in demo dataset,63380000,1,871,31,,20170429,1493502856,PAGE,,,15190000,,GGOEGAER029714,Google Women's Short Sleeve Hero Tee Red Heather,Apparel, MD,USD,,,,ORD201704291351,Checkout Confirmation,,/ordercompleted.html,6,1,
2,8628951191268356813,Organic Search,77990,India,not available in demo dataset,,,105,8,,20170625,1498448044,EVENT,,,16990000,,GGOEGAAX0318,YouTube Men's Short Sleeve Hero Tee Black,Home/Shop by Brand/YouTube/,(not set),,,,,,YouTube | Shop by Brand | Google Merchandise Store,,/google+redesign/,1,1,
2,0744194450160663160,Organic Search,228392,United States,Sunnyvale,106000000,1,228,13,,20170523,1495581116,PAGE,,1,50000000,53000000,GGOEGGCX056499,Gift Card - $50.00,Gift Cards,Single Option Only,USD,,,106000000,ORD201705232154,Checkout Confirmation,,/ordercompleted.html,6,1,
2,9319407406072840964,Organic Search,323989,Canada,not available in demo dataset,,,448,11,,20170524,1495692145,EVENT,,,99990000,,GGOEGAAX0795,25L Classic Rucksack,Home/Bags/Backpacks/,(not set),,,,,,Backpacks | Bags | Google Merchandise Store,,/google+redesign/,1,1,
2,4089398984309263376,Direct,157590,India,Bengaluru,,,158,3,,20170311,1489227939,PAGE,,,2990000,,GGOEWFKA082999,Waze Baby on Board Window Decal,Home/Accessories/Stickers/,(not set),USD,,,,,Stickers | Accessories | Google Merchandise Store,,/google+redesign/,0,1,
2,3000212461242439183,Direct,35529,Romania,Bucharest,,,70,18,,20160908,1473322918,EVENT,,,10990000,,GGOEGHPB071610,Google Twill Cap,Home/Apparel/,(not set),,,,,,Apparel,,/store.html,1,1,
6,7360768108223062056,Display,275396,United States,Sunnyvale,,,382,15,,20160914,1473896648,PAGE,,1,25000000,,GGOEGGCX056299,Gift Card - $25.00,(not set),Single Option Only,USD,,,,,Checkout Your Information,,/yourinfo.html,5,1,Billing and Shipping
2,2190964662485966036,Direct,334367,Japan,Osaka,,,380,27,,20170526,1495787736,EVENT,,,16990000,,GGOEGAAX0651,Google Toddler Short Sleeve Tee Red,Home/Apparel/Kid's/,(not set),,,,,,Kids' Apparel | Google Merchandise Store,,/google+redesign/,1,1,
2,3182989904098958260,Organic Search,65,United States,not available in demo dataset,,,1303,29,,20170424,1493047321,PAGE,,,4990000,,GGOEGCBB074399,Google Device Holder Sticky Pad,Home/Electronics/,(not set),,,,,,Electronics | Google Merchandise Store,,/google+redesign/,2,1,
2,0065685017282287514,Referral,2971698,United States,not available in demo dataset,383760000,1,4856,100,,20161113,1479072728,EVENT,,10,1990000,,GGOEGFYQ016599,Foam Can and Bottle Cooler,Home/Accessories/Housewares/,(not set),USD,,,,,Housewares | Accessories | Google Merchandise Store,,/google+redesign/,3,1,
2,4647034471794650114,Social,48947,Italy,Naples,,,49,11,,20170307,1488900033,EVENT,,,98990000,,GGOEGAAX0607,Google Women's Convertible Vest-Jacket Sea Foam Green,Home/Apparel/Women's/Women's-Performance Wear/,(not set),,,,,,Women's Performance Wear | Apparel | Google Merchandise Store,,/google+redesign/,1,1,
2,1479663476417420956,Organic Search,178364,Mexico,not available in demo dataset,,,447,16,,20160803,1470255565,PAGE,,,3990000,,GGOEGOAQ018099,Pen Pencil & Highlighter Set,Home/Office/,(not set),,,,,,Oficina,,/google+redesign/,2,1,
4,9758235511148216157,Direct,705196,United States,Sunnyvale,134000000,2,705,22,,20170615,1497575168,PAGE,,1,25000000,27250000,GGOEGGCX056299,Gift Card - $25.00,Gift Cards,Single Option Only,USD,,,109000000,ORD201706152272,Checkout Confirmation,,/ordercompleted.html,6,1,
2,2215886195509488549,Social,78175,India,Chennai,,,425,24,,20170626,1498495900,PAGE,,,29990000,,GGOEGAAX0351,YouTube Men's Vintage Henley,Home/Shop by Brand/YouTube/,(not set),,,,,,YouTube | Shop by Brand | Google Merchandise Store,,/google+redesign/,2,1,
3,2966181519580525760,Social,57306,United States,not available in demo dataset,,,91,11,,20170317,1489792082,EVENT,,,19990000,,GGOEAOCB077499,Android RFID Journal,Home/Shop by Brand/Android/,(not set),,,,,,Android | Shop by Brand | Google Merchandise Store,,/google+redesign/,1,1,
2,0765879673447706851,Organic Search,231786,Canada,not available in demo dataset,,,232,8,,20170318,1489849361,PAGE,,,18990000,,GGOEGAAX0734,Google Men's Short Sleeve Hero Tee Heather,Home/Apparel/Men's/Men's-T-Shirts/,(not set),,,,,,Men's T-Shirts | Apparel | Google Merchandise Store,,/google+redesign/,2,1,
2,7845114848613059919,Referral,741167,United States,New York,304320000,1,792,17,,20161215,1481840106,PAGE,,,2390000,,GGOEGDHR018499,Google 22 oz Water Bottle,Drinkware, RED,USD,,,,,Checkout Review,,/revieworder.html,5,3,Review
2,4596351988415872717,Direct,170,United States,Palo Alto,,,114,13,,20161110,1478837139,EVENT,,,149000000,,GGOENEBJ079499,Nest® Learning Thermostat 3rd Gen-USA - Stainless Steel,Home/Nest/Nest-USA/,(not set),,,,,,Nest-USA,,/google+redesign/,1,1,
2,8565474882130184766,Referral,16451,United States,Mountain View,,,776,48,,20160924,1474759129,PAGE,,,16990000,,GGOEGAAX0104,Google Men's 100% Cotton Short Sleeve Hero Tee White,Home/Apparel/Men's/Men's-T-Shirts/,(not set),,,,,,Men's-T-Shirts,,/google+redesign/,2,1,
2,0394724420324392696,Organic Search,614479,United States,not available in demo dataset,20990000,1,827,29,,20170418,1492539603,EVENT,,,13990000,,GGOEGALB036513,Google Women's Scoop Neck Tee Black,Apparel, SM,USD,,,,ORD201704182251,Checkout Confirmation,,/ordercompleted.html,6,1,
3,0852801263780322,Direct,200891,United States,Sunnyvale,80000000,1,675,22,,20170627,1498594489,PAGE,,1,25000000,,GGOEGGCX056299,Gift Card - $25.00,Gift Cards,Single Option Only,USD,,,,,Checkout Your Information,,/yourinfo.html,5,1,Billing and Shipping
2,1383747015944459077,Organic Search,97862,Indonesia,not available in demo dataset,,,571,10,,20170322,1490170721,EVENT,,,49990000,,GGOEGEVB070499,Google Bluetooth Headphones,Home/Electronics/Audio/,(not set),,,,,,Audio | Electronics | Google Merchandise Store,,/google+redesign/,1,1,
2,7845114848613059919,Referral,460658,United States,New York,304320000,1,792,17,,20161215,1481840106,PAGE,,,2390000,,GGOEGDHR018499,Google 22 oz Water Bottle,Drinkware, RED,USD,,,,,Payment Method,,/payment.html,5,2,Payment
3,0001266240591974276,Referral,349038,Spain,Madrid,,,352,66,,20170606,1496753265,PAGE,,,12990000,,GGOEGACB023699,Yoga Block,Home/Clearance Sale/,(not set),,,,,,Clearance Sale,,/store.html/,2,1,
3,4987385569257127908,Organic Search,1856098,United States,not available in demo dataset,,,5838,132,,20160804,1470319455,EVENT,,,10990000,,GGOEGFPR113699,16 oz. Hot/Cold Tumbler,Home/Accessories/Drinkware/,(not set),,,,,,Drinkware,,/google+redesign/,1,1,
2,1706883577033209164,Referral,27,United States,Los Angeles,,,50,6,,20170507,1494220992,EVENT,,1,119000000,,GGOENEBB078899,Nest® Cam Indoor Security Camera - USA,Home/Nest/Nest-USA/,(not set),USD,,,,,Nest-USA,,/google+redesign/,3,1,
2,1965703729833511722,Paid Search,170686,United States,New York,,,754,51,,20161225,1482680105,EVENT,,,16990000,,GGOEGAAX0107,Google Men's 100% Cotton Short Sleeve Hero Tee Red,${escCatTitle},(not set),,,,,,Store search results,,/asearch.html,1,1,
4,5186802869072248264,Direct,998705,United States,Mountain View,199580000,1,1009,62,,20161104,1478272441,PAGE,,,1590000,,GGOEGKAA019299,Switch Tone Color Crayon Pen,Office,Single Option Only,USD,,,,ORD201611041971,Checkout Confirmation,,/ordercompleted.html,6,1,
2,8612048345358957540,Referral,372229,United States,New York,116900000,1,2885,34,,20170421,1492779945,PAGE,,,11190000,,GGOEGDHC082299,Google 25 oz Blue Stainless Steel Bottle,Home/Drinkware/Water Bottles and Tumblers/,(not set),,,,,,Water Bottles & Tumblers | Drinkware | Google Merchandise Store,,/google+redesign/,2,1,
2,1359365693622059283,Social,15977,India,Chennai,,,184,83,,20170119,1484850079,EVENT,,,55990000,,GGOEGAAX0358,Google Men's  Zip Hoodie,Home/Apparel/Men's/Men's-Outerwear/,(not set),,,,,,Men's Outerwear | Apparel | Google Merchandise Store,,/google+redesign/,1,1,
2,3000212461242439183,Direct,45862,Romania,Bucharest,,,70,18,,20160908,1473322918,EVENT,,,10990000,,GGOEGHPB071610,Google Twill Cap,Home/Apparel/,(not set),,,,,,Apparel,,/store.html,1,1,
2,4954113186643609512,Referral,644731,United States,San Francisco,,,723,46,,20160827,1472308786,EVENT,,1,1590000,,GGOEGFKQ020399,Google Laptop and Cell Phone Stickers,Home/Lifestyle/,(not set),USD,,,,,Lifestyle,,/google+redesign/,3,1,
2,9936682614369895259,Direct,483592,Venezuela,Maracaibo,134750000,2,4374,43,,20160820,1471723149,EVENT,,,16990000,,GGOEGETR014599,Google Power Bank,Home/Electronics/,(not set),,,,,,Electronics,,/google+redesign/,1,1,
2,2385451684587900506,Organic Search,234075,United States,Seattle,38450000,1,719,29,,20160818,1471552163,EVENT,,,4990000,,GGOEGBMJ013399,Sport Bag,Home/Lifestyle/,(not set),,,,,,Lifestyle,,/google+redesign/,1,1,
2,3019169409569221699,Referral,126079,United States,Seattle,601000000,2,469,22,,20170115,1484532122,PAGE,,,119000000,,GGOENEBQ078999,Nest® Cam Outdoor Security Camera - USA,Nest-USA,Single Option Only,USD,,,,ORD201701151339,Checkout Confirmation,,/ordercompleted.html,6,1,
2,0419611240165258862,Referral,708503,United States,not available in demo dataset,35950000,1,730,46,,20160916,1474052262,PAGE,,,7980000,,GGOEGBJC019999,Collapsible Shopping Bag,(not set),Single Option Only,USD,,,,,Checkout Review,,/revieworder.html,5,3,Review
2,4150778016163790406,Direct,3333806,United States,Salem,,,3393,38,60,20170710,1499716012,PAGE,,,250000000,,GGOEGGCX056399,Gift Card - $250.00,Gift Cards,Single Option Only,USD,,,,,Payment Method,,/payment.html,5,2,Payment
2,7845114848613059919,Referral,408094,United States,New York,304320000,1,792,17,,20161215,1481840106,PAGE,,1,8790000,,GGOEGDHC015299,23 oz Wide Mouth Sport Bottle,Drinkware,Single Option Only,USD,,,,,Checkout Your Information,,/yourinfo.html,5,1,Billing and Shipping
10,0780206376162514125,Referral,1919544,United States,not available in demo dataset,505000000,3,2269,92,,20160908,1473373023,PAGE,,,25000000,,GGOEGGCX056299,Gift Card - $25.00,(not set),Single Option Only,USD,,,,,Checkout Review,,/revieworder.html,5,3,Review
2,3413671183714517147,Direct,858473,United States,not available in demo dataset,390000000,2,1170,27,,20161127,1480276670,EVENT,,,149000000,,GGOENEBJ079499,Nest® Learning Thermostat 3rd Gen-USA - Stainless Steel,Nest-USA,Single Option Only,USD,,,,ORD201611272066,Checkout Confirmation,,/ordercompleted.html,6,1,
2,7845114848613059919,Referral,354846,United States,New York,304320000,1,792,17,,20161215,1481840106,PAGE,,1,8790000,,GGOEGDHC015299,23 oz Wide Mouth Sport Bottle,Drinkware,Single Option Only,USD,,,,,Checkout Your Information,,/yourinfo.html,5,1,Billing and Shipping
4,575143870190264156,Referral,441642,United States,not available in demo dataset,,,469,26,,20161224,1482567083,PAGE,,1,25000000,,GGOEGGCX056299,Gift Card - $25.00,Gift Cards,Single Option Only,USD,,,,,Checkout Your Information,,/yourinfo.html,5,1,Billing and Shipping
2,0032431331535114166,Organic Search,236161,India,not available in demo dataset,,,522,22,,20170201,1485939572,EVENT,,,2990000,,GGOEGOBG023599,Colored Pencil Set,Home/Office/Writing Instruments/,(not set),,,,,,Writing Instruments | Office | Google Merchandise Store,,/google+redesign/,1,1,
2,0001266240591974276,Referral,347299,Spain,Madrid,,,352,66,,20170606,1496753265,EVENT,,,12990000,,GGOEGACB023699,Yoga Block,Home/Clearance Sale/,(not set),,,,,,Clearance Sale,,/store.html,1,1,
9,0780206376162514125,Referral,2125031,United States,not available in demo dataset,505000000,3,2269,92,,20160908,1473373023,PAGE,,,25000000,,GGOEGGCX056299,Gift Card - $25.00,(not set),Single Option Only,USD,,,,,Checkout Review,,/revieworder.html,5,3,Review
2,315410525784859471,Organic Search,253390,Ecuador,not available in demo dataset,,,292,24,,20170411,1491969610,EVENT,,,51990000,,GGOEGAAX0362,Google Men's Pullover Hoodie Grey,Home/Apparel/Men's/Men's-Outerwear/,(not set),,,,,,Men's Outerwear | Apparel | Google Merchandise Store,,/google+redesign/,1,1,
2,7438021961261408453,Referral,573386,United States,Sunnyvale,52000000,1,1836,22,,20170524,1495663171,PAGE,,1,25000000,,GGOEGGCX056299,Gift Card - $25.00,Gift Cards,Single Option Only,USD,,,,,Checkout Your Information,,/yourinfo.html,5,1,Billing and Shipping
2,0405649059384894486,Organic Search,1286947,United States,(not set),,,1287,12,,20161202,1480741646,EVENT,,,16990000,,GGOEGAAX0105,Google Men's 100% Cotton Short Sleeve Hero Tee Black,Home/Apparel/Men's/Men's-T-Shirts/,(not set),,,,,,Men's T-Shirts | Apparel | Google Merchandise Store,,/google+redesign/,1,1,
2,0355948260210754313,Organic Search,64265,Philippines,not available in demo dataset,,,184,12,,20170506,1494100481,PAGE,,,16990000,,GGOEGAAX0106,Google Men's 100% Cotton Short Sleeve Hero Tee Navy,Home/Apparel/Men's/Men's-T-Shirts/,(not set),,,,,,Men's T-Shirts | Apparel | Google Merchandise Store,,/store.html/,2,1,
2,1849906954215296139,Social,1113503,United States,Chicago,103930000,1,1631,28,,20170129,1485760289,PAGE,,,16990000,,GGOEGAAR010714,Google Men's 100% Cotton Short Sleeve Hero Tee Red,Apparel, MD,USD,,,,ORD201701291969,Checkout Confirmation,,/ordercompleted.html,6,1,
4,575143870190264156,Referral,390673,United States,not available in demo dataset,,,469,26,,20161224,1482567083,PAGE,,,25000000,,GGOEGGCX056299,Gift Card - $25.00,Gift Cards,Single Option Only,USD,,,,,Payment Method,,/payment.html,5,2,Payment
3,877823522891131062,Direct,10460,United States,San Jose,,,76,80,,20170528,1496005596,EVENT,,,1990000,,GGOEYFKQ020699,YouTube Custom Decals,Home/Shop by Brand/YouTube/,(not set),,,,,,YouTube | Shop by Brand | Google Merchandise Store,,/google+redesign/,1,1,
14,4191489896925210475,Referral,814159,United States,Kirkland,351000000,1,1500,67,,20161221,1482360949,PAGE,,1,25000000,25071428,GGOEGGCX056299,Gift Card - $25.00,Gift Cards,Single Option Only,USD,,,351000000,ORD201612212603,Checkout Confirmation,,/ordercompleted.html,6,1,
2,4365809776716151144,Display,105903,United States,San Bruno,106000000,1,275,13,,20170109,1483988529,PAGE,,1,50000000,,GGOEGGCX056499,Gift Card - $50.00,Gift Cards,Single Option Only,USD,,,,,Checkout Your Information,,/yourinfo.html,5,1,Billing and Shipping
2,5496020251297372385,Referral,285246,United States,not available in demo dataset,126000000,1,306,17,,20170502,1493789365,PAGE,,,119000000,,GGOENEBQ078999,Nest® Cam Outdoor Security Camera - USA,Nest-USA,Single Option Only,USD,,,,ORD201705022218,Checkout Confirmation,,/ordercompleted.html,6,1,
4,7360768108223062056,Organic Search,162404,United States,Sunnyvale,209000000,1,337,22,,20160914,1473905072,PAGE,,1,50000000,,GGOEGGCX056499,Gift Card - $50.00,(not set),Single Option Only,USD,,,,,Checkout Your Information,,/yourinfo.html,5,1,Billing and Shipping
2,106063603600493523,Organic Search,86872,United States,not available in demo dataset,,,134,20,,20161114,1479142311,PAGE,,,34990000,,GGOEGAAX0335,YouTube Men's Long Sleeve Pullover Badge Tee Heather,Home/Shop by Brand/YouTube/,(not set),,,,,,YouTube | Shop by Brand | Google Merchandise Store,,/google+redesign/,2,1,
2,8161942866929822763,Organic Search,761277,Germany,not available in demo dataset,,,1021,19,,20161017,1476703735,EVENT,,,1990000,,GGOEGFKQ020399,Google Laptop and Cell Phone Stickers,Home/Accessories/Stickers/,(not set),,,,,,Stickers | Accessories | Google Merchandise Store,,/google+redesign/,1,1,
2,3333696341056456517,Direct,84730,Nicaragua,not available in demo dataset,,,390,23,,20170126,1485461556,PAGE,,,99990000,,GGOEGBRJ037299,Google Alpine Style Backpack,Home/Bags/Backpacks/,(not set),,,,,,Backpacks | Bags | Google Merchandise Store,,/google+redesign/,2,1,
2,7567817112637547239,Organic Search,2303834,United States,Mountain View,101200000,2,2304,36,85,20170714,1500033101,PAGE,,1,25000000,26000000,GGOEGGCX056299,Gift Card - $25.00,Gift Cards,Single Option Only,USD,,,52000000,ORD201707142281,Checkout Confirmation,,/ordercompleted.html,6,1,
2,7845114848613059919,Referral,791561,United States,New York,304320000,1,792,17,,20161215,1481840106,PAGE,,1,8790000,9012222,GGOEGDHC015299,23 oz Wide Mouth Sport Bottle,Drinkware,Single Option Only,USD,,,304320000,ORD201612152739,Checkout Confirmation,,/ordercompleted.html,6,1,
2,3000212461242439183,Direct,35572,Romania,Bucharest,,,70,18,,20160908,1473322918,EVENT,,,10990000,,GGOEGHPB071610,Google Twill Cap,Home/Apparel/,(not set),,,,,,Apparel,,/store.html,1,1,
4,575143870190264156,Referral,448074,United States,not available in demo dataset,,,469,26,,20161224,1482567083,PAGE,,,25000000,,GGOEGGCX056299,Gift Card - $25.00,Gift Cards,Single Option Only,USD,,,,,Payment Method,,/payment.html,5,2,Payment
2,1115153051396976258,Direct,469762,United States,New York,151000000,1,532,21,,20170227,1488211922,PAGE,,,149000000,,GGOENEBJ079499,Nest® Learning Thermostat 3rd Gen-USA - Stainless Steel,Nest-USA,Single Option Only,USD,,,,ORD201702272151,Checkout Confirmation,,/ordercompleted.html,6,1,
2,9697929460014674172,Organic Search,1586208,United States,San Francisco,34950000,1,3201,64,,20161005,1475733990,PAGE,,,6990000,,GGOEGCBB074199,Google Car Clip Phone Holder,(not set),Single Option Only,USD,,,,ORD201610052883,Checkout Confirmation,,/ordercompleted.html,6,1,
2,4089398984309263376,Direct,157590,India,Bengaluru,,,158,3,,20170311,1489227939,PAGE,,,1990000,,GGOEWFKA083199,Waze Mood Original Window Decal,Home/Accessories/Stickers/,(not set),USD,,,,,Stickers | Accessories | Google Merchandise Store,,/google+redesign/,0,1,
2,4089398984309263376,Direct,157590,India,Bengaluru,,,158,3,,20170311,1489227939,PAGE,,,2990000,,GGOEAFKQ020599,Android Sticker Sheet Ultra Removable,Home/Accessories/Stickers/,(not set),USD,,,,,Stickers | Accessories | Google Merchandise Store,,/google+redesign/,0,1,
10,2788555723243018631,Direct,1124567,United States,San Francisco,258000000,1,1125,58,,20160801,1470077433,PAGE,,1,25000000,25800000,GGOEGGCX056299,Gift Card - $25.00,(not set),Single Option Only,USD,,,258000000,ORD20160801563,Checkout Confirmation,,/ordercompleted.html,6,1,
2,1965703729833511722,Paid Search,633538,United States,New York,,,754,51,,20161225,1482680105,PAGE,,,5500000,,GGOEGOAR013099,Google Stylus Pen w/ LED Light,Home/Office/Writing Instruments/,(not set),,,,,,Writing Instruments | Office | Google Merchandise Store,,/google+redesign/,2,1,
6,7360768108223062056,Display,1885544,United States,Sunnyvale,,,2262,16,,20160914,1473890234,PAGE,,1,25000000,,GGOEGGCX056299,Gift Card - $25.00,(not set),Single Option Only,USD,,,,,Checkout Your Information,,/yourinfo.html,5,1,Billing and Shipping
2,154104806751769000,Organic Search,1024809,United States,not available in demo dataset,821710000,1,1025,23,,20170430,1493613970,PAGE,,,16990000,,GGOEGAEB027814,Google Women's Short Sleeve Hero Tee Black,Apparel, MD,USD,,,,ORD201704301386,Checkout Confirmation,,/ordercompleted.html,6,1,
2,4835082938415020542,Direct,1444297,United States,not available in demo dataset,755300000,1,1444,32,,20161116,1479341021,PAGE,,10,3500000,35375000,GGOEGBJR018199,Reusable Shopping Bag,Bags,Single Option Only,USD,,,755300000,ORD201611162447,Checkout Confirmation,,/ordercompleted.html,6,1,
2,4956606770860527760,Organic Search,71637,United States,San Francisco,,,78,9,,20170625,1498418450,PAGE,,,10990000,,GGOEYHPB072210,YouTube Twill Cap,Home/Shop by Brand/YouTube/,(not set),,,,,,YouTube | Shop by Brand | Google Merchandise Store,,/google+redesign/,2,1,
2,207142508991346416,Direct,37308,Azerbaijan,not available in demo dataset,,,37,8,,20170327,1490637994,EVENT,,,21990000,,GGOEYHPA003510,YouTube Trucker Hat,Home/Shop by Brand/YouTube/,(not set),,,,,,YouTube | Shop by Brand | Google Merchandise Store,,/google+redesign/,1,1,
2,5186802869072248264,Direct,998705,United States,Mountain View,199580000,1,1009,62,,20161104,1478272441,PAGE,,,4400000,,GGOEGOAR013099,Google Stylus Pen w/ LED Light,Office,Single Option Only,USD,,,,ORD201611041971,Checkout Confirmation,,/ordercompleted.html,6,1,
2,7845114848613059919,Referral,460658,United States,New York,304320000,1,792,17,,20161215,1481840106,PAGE,,,2390000,,GGOEGDHC018299,Google 22 oz Water Bottle,Drinkware, BLUE,USD,,,,,Payment Method,,/payment.html,5,2,Payment
3,2060318762356474784,Organic Search,2542,United States,not available in demo dataset,,,95,11,,20170304,1488656269,PAGE,,,1990000,,GGOEYFKQ020699,YouTube Custom Decals,Home/Shop by Brand/YouTube/,(not set),,,,,,YouTube | Shop by Brand | Google Merchandise Store,,/google+redesign/,2,1,
2,4856298179013995726,Paid Search,1330942,United States,not available in demo dataset,30380000,1,1800,50,,20170624,1498351853,PAGE,,,17490000,,GGOEAHPA004110,Android Wool Heather Cap Heather/Black,Headgear,Single Option Only,USD,,,,ORD201706241470,Checkout Confirmation,,/ordercompleted.html,6,1,
2,5584792205759442208,Social,196466,United States,not available in demo dataset,,,857,41,,20170203,1486142256,PAGE,,,21990000,,GGOEYHPA003510,YouTube Trucker Hat,Home/Shop by Brand/YouTube/,(not set),,,,,,YouTube | Shop by Brand | Google Merchandise Store,,/google+redesign/,2,1,
2,6852918480830064880,Organic Search,133492,India,not available in demo dataset,,,294,14,,20160827,1472356983,EVENT,,,1500000,,GGOEGFKA022299,Keyboard DOT Sticker,Home/Office/,(not set),,,,,,Office,,/google+redesign/,1,1,
4,9758235511148216157,Direct,667704,United States,Sunnyvale,134000000,2,705,22,,20170615,1497575168,PAGE,,,25000000,,GGOEGGCX056299,Gift Card - $25.00,Gift Cards,Single Option Only,USD,,,,,Payment Method,,/payment.html,5,2,Payment
2,0053895332124593586,Direct,279965,United Kingdom,not available in demo dataset,,,862,31,,20170312,1489354191,PAGE,,,16990000,,GGOEGAAX0105,Google Men's 100% Cotton Short Sleeve Hero Tee Black,Home/Apparel/Men's/Men's-T-Shirts/,(not set),,,,,,Men's T-Shirts | Apparel | Google Merchandise Store,,/store.html/,2,1,
3,0852801263780322,Direct,299397,United States,Sunnyvale,80000000,1,675,22,,20170627,1498594489,PAGE,,,25000000,,GGOEGGCX056299,Gift Card - $25.00,Gift Cards,Single Option Only,USD,,,,,Checkout Review,,/revieworder.html,5,3,Review
2,3592785671281234637,Paid Search,175170,United States,not available in demo dataset,209000000,1,308,12,,20170620,1498002505,PAGE,,1,100000000,,GGOEGGCX056199,Gift Card- $100.00,Gift Cards,Single Option Only,USD,,,,,Checkout Your Information,,/yourinfo.html,5,1,Billing and Shipping
10,2788555723243018631,Direct,1124597,United States,San Francisco,258000000,1,1125,58,,20160801,1470077433,PAGE,,,25000000,,GGOEGGCX056299,Gift Card - $25.00,(not set),Single Option Only,USD,,,,ORD20160801563,Checkout Confirmation,,/ordercompleted.html,6,1,
5,7838650270550176403,Paid Search,1695364,United States,San Francisco,251000000,1,1721,27,,20161230,1483148696,PAGE,,,50000000,,GGOEGGCX056499,Gift Card - $50.00,Gift Cards,Single Option Only,USD,,,,,Checkout Review,,/revieworder.html,5,3,Review
2,0300474845680704614,Organic Search,708336,United States,not available in demo dataset,,,992,44,,20160911,1473614255,EVENT,,,990000,,GGOEGGOA017399,Maze Pen,Home/Office/,(not set),,,,,,Office,,/google+redesign/,1,1,
2,8590275418214025018,Referral,249293,United States,Austin,306000000,1,316,14,99,20170725,1500991172,PAGE,,,149000000,,GGOENEBJ079499,Nest® Learning Thermostat 3rd Gen-USA - Stainless Steel,Nest-USA,Single Option Only,USD,,,,ORD201707252375,Checkout Confirmation,,/ordercompleted.html,6,1,
2,7697210138804043868,Referral,2266318,United States,Mountain View,220970000,1,3487,56,,20170127,1485572189,PAGE,,,23990000,,GGOEGAEJ035315,Google Vintage Henley Grey/Black,Apparel, LG,USD,,,,ORD201701271869,Checkout Confirmation,,/ordercompleted.html,6,1,
2,5311253006486037295,Referral,42937,Spain,not available in demo dataset,,,143,59,,20160802,1470159345,EVENT,,,79990000,,GGOEGBMC056599,Waterpoof Gear Bag,Home/Limited Supply/Bags/Backpacks/,(not set),,,,,,Backpacks,,/google+redesign/,1,1,
2,0651825379807294261,Social,2668417,Uruguay,(not set),,,2678,32,,20160806,1470489842,EVENT,,,18990000,,GGOEGAAX0325,YouTube Men's Short Sleeve Hero Tee Charcoal,Home/Apparel/Men's/Men's-T-Shirts/,(not set),,,,,,Men's-T-Shirts,,/google+redesign/,1,1,
2,106063603600493523,Organic Search,87232,United States,not available in demo dataset,,,134,20,,20161114,1479142311,EVENT,,,34990000,,GGOEGAAX0335,YouTube Men's Long Sleeve Pullover Badge Tee Heather,Home/Shop by Brand/YouTube/,(not set),,,,,,YouTube | Shop by Brand | Google Merchandise Store,,/google+redesign/,2,1,
2,4222982520678384747,Organic Search,23813,United States,not available in demo dataset,,,24,3,,20170428,1493400332,PAGE,,,19990000,,GGOEAXXX0808,Android Men's Engineer Short Sleeve Tee Charcoal,Home/Apparel/Men's/Men's-T-Shirts/,(not set),,,,,,Men's T-Shirts | Apparel | Google Merchandise Store,,/google+redesign/,2,1,
2,1383747015944459077,Organic Search,97863,Indonesia,not available in demo dataset,,,571,10,,20170322,1490170721,PAGE,,,49990000,,GGOEGEVB070499,Google Bluetooth Headphones,Home/Electronics/Audio/,(not set),,,,,,Audio | Electronics | Google Merchandise Store,,/google+redesign/,2,1,
2,1590294463633434388,Organic Search,264450,United States,not available in demo dataset,22980000,1,386,8,,20170115,1484518570,PAGE,,,7990000,,GGOEYDHJ019399,24 oz YouTube Sergeant Stripe Bottle,Drinkware,Single Option Only,USD,,,,,Payment Method,,/payment.html,5,2,Payment
2,5186802869072248264,Direct,998705,United States,Mountain View,199580000,1,1009,62,,20161104,1478272441,PAGE,,,2000000,,GGOEGCBQ016499,SPF-15 Slim & Slender Lip Balm,Housewares,Single Option Only,USD,,,,ORD201611041971,Checkout Confirmation,,/ordercompleted.html,6,1,
2,4890832126611809362,Organic Search,0,Sri Lanka,not available in demo dataset,,,,2,,20170610,1497087233,PAGE,,,24990000,,GGOEYHPA003610,YouTube Wool Heather Cap Heather/Black,Home/Shop by Brand/YouTube/,(not set),USD,,,,,YouTube | Shop by Brand | Google Merchandise Store,,/google+redesign/,0,1,
4,3211801082901013750,Referral,417832,United States,New York,409000000,1,418,23,,20170601,1496375475,PAGE,,1,100000000,102250000,GGOEGGCX056199,Gift Card- $100.00,Gift Cards,Single Option Only,USD,,,409000000,ORD201706013038,Checkout Confirmation,,/ordercompleted.html,6,1,
10,0780206376162514125,Referral,1942914,United States,not available in demo dataset,505000000,3,2269,92,,20160908,1473373023,PAGE,,,25000000,,GGOEGGCX056299,Gift Card - $25.00,(not set),Single Option Only,USD,,,,ORD201609081668,Checkout Confirmation,,/ordercompleted.html,6,1,
14,4191489896925210475,Referral,768857,United States,Kirkland,351000000,1,1500,67,,20161221,1482360949,PAGE,,,25000000,,GGOEGGCX056299,Gift Card - $25.00,Gift Cards,Single Option Only,USD,,,,,Checkout Review,,/revieworder.html,5,3,Review
2,4890832126611809362,Organic Search,0,Sri Lanka,not available in demo dataset,,,,2,,20170610,1497087233,PAGE,,,1990000,,GGOEYFKQ020699,YouTube Custom Decals,Home/Shop by Brand/YouTube/,(not set),USD,,,,,YouTube | Shop by Brand | Google Merchandise Store,,/google+redesign/,0,1,
2,127143049350736549,Organic Search,317469,India,not available in demo dataset,,,2383,18,,20161001,1475344460,PAGE,,,2990000,,GGOEAFKQ020599,Android Sticker Sheet Ultra Removable,Home/Shop by Brand/Android/,(not set),,,,,,Android,,/google+redesign/,2,1,
2,0396973395485053796,Direct,0,United States,San Francisco,,,274,7,,20161017,1476768644,PAGE,,,24990000,,GGOEGDHQ015399,26 oz Double Wall Insulated Bottle,Home/Drinkware/Water Bottles and Tumblers/,(not set),,,,,,Water Bottles & Tumblers | Drinkware | Google Merchandise Store,,/google+redesign/,2,1,
6,043584487743669327,Referral,247927,United States,Austin,192560000,2,346,21,,20170619,1497905556,PAGE,,1,25000000,,GGOEGGCX056299,Gift Card - $25.00,Gift Cards,Single Option Only,USD,,,,,Checkout Your Information,,/yourinfo.html,5,1,Billing and Shipping
2,9003509782650935666,Organic Search,623032,United States,San Francisco,,,1398,52,,20170611,1497244997,PAGE,,,990000,,GGOEGOAC021799,Ballpoint Pen Blue,${escCatTitle},(not set),,,,,,Store search results,,/asearch.html/,2,1,
2,5374566530533992169,Organic Search,435062,Netherlands,not available in demo dataset,,,436,24,,20170104,1483526040,PAGE,,,55990000,,GGOEGAAX0358,Google Men's  Zip Hoodie,Home/Apparel/Men's/Men's-Outerwear/,(not set),,,,,,Men's Outerwear | Apparel | Google Merchandise Store,,/google+redesign/,2,1,
3,9434100155146779985,Referral,947872,United States,Los Angeles,,,1805,21,,20170302,1488509550,PAGE,,,109990000,,GGOEGAAX0568,Google Men's Watershed Full Zip Hoodie Grey,${escCatTitle},(not set),,,,,,Store search results,,/asearch.html/,2,1,
2,7438021961261408453,Referral,584477,United States,Sunnyvale,52000000,1,1836,22,,20170524,1495663171,PAGE,,,25000000,,GGOEGGCX056299,Gift Card - $25.00,Gift Cards,Single Option Only,USD,,,,,Payment Method,,/payment.html,5,2,Payment
2,0053895332124593586,Direct,279942,United Kingdom,not available in demo dataset,,,862,31,,20170312,1489354191,EVENT,,,16990000,,GGOEGAAX0105,Google Men's 100% Cotton Short Sleeve Hero Tee Black,Home/Apparel/Men's/Men's-T-Shirts/,(not set),,,,,,Men's T-Shirts | Apparel | Google Merchandise Store,,/store.html,1,1,
2,8769663090721675478,Organic Search,203010,United States,not available in demo dataset,53000000,1,464,12,40,20170728,1501254252,PAGE,,1,25000000,,GGOEGGCX056299,Gift Card - $25.00,Gift Cards,Single Option Only,USD,,,,,Checkout Your Information,,/yourinfo.html,5,1,Billing and Shipping
14,4191489896925210475,Referral,580250,United States,Kirkland,351000000,1,1500,67,,20161221,1482360949,PAGE,,1,25000000,,GGOEGGCX056299,Gift Card - $25.00,Gift Cards,Single Option Only,USD,,,,,Checkout Your Information,,/yourinfo.html,5,1,Billing and Shipping
22,4884778281436388667,Referral,405767,United States,Cambridge,555000000,1,485,75,,20161128,1480363993,PAGE,,,25000000,,GGOEGGCX056299,Gift Card - $25.00,Gift Cards,Single Option Only,USD,,,,,Payment Method,,/payment.html,5,2,Payment
2,0219574228160531155,Referral,153327,United States,not available in demo dataset,,,556,31,,20170302,1488491778,EVENT,,,25000000,,GGOEGGCX056299,Gift Card - $25.00,Home/Gift Cards/,(not set),,,,,,Gift Cards | Google Merchandise Store,,/store.html,1,1,
2,1594377054734291996,Organic Search,409031,United States,San Francisco,,,2980,28,,20170616,1497625839,EVENT,,,18990000,,GGOEGAAX0297,Google Women's Short Sleeve Hero Tee Red Heather,${escCatTitle},(not set),,,,,,Store search results,,/asearch.html,1,1,
2,2899830630693505736,Organic Search,579669,India,not available in demo dataset,,,741,41,,20170208,1486577399,EVENT,,,16990000,,GGOEGAAX0105,Google Men's 100% Cotton Short Sleeve Hero Tee Black,${escCatTitle},(not set),USD,,,,,Google Men's 100% Cotton Short Sleeve Hero Tee Black,,/google+redesign/,3,1,
2,3245124588515861127,Referral,1570555,United States,not available in demo dataset,,,2235,42,,20170405,1491411228,EVENT,,,30390000,,GGOEGEHQ072599,Google 4400mAh Power Bank,Home/Electronics/Power/,(not set),,,,,,Power & Chargers | Electronics | Google Merchandise Store,,/google+redesign/,1,1,
2,0053895332124593586,Direct,279965,United Kingdom,not available in demo dataset,,,862,31,,20170312,1489354191,EVENT,,,16990000,,GGOEGAAX0105,Google Men's 100% Cotton Short Sleeve Hero Tee Black,Home/Apparel/Men's/Men's-T-Shirts/,(not set),,,,,,Men's T-Shirts | Apparel | Google Merchandise Store,,/store.html,1,1,
11,8436426603099391262,Referral,968700,United States,Ann Arbor,829000000,1,969,75,,20160901,1472781277,PAGE,,,25000000,,GGOEGGCX056299,Gift Card - $25.00,(not set),Single Option Only,USD,,,,ORD201609011752,Checkout Confirmation,,/ordercompleted.html,6,1,
6,7360768108223062056,Organic Search,127058,United States,Sunnyvale,158000000,1,869,32,,20160914,1473902004,PAGE,,1,25000000,26333333,GGOEGGCX056299,Gift Card - $25.00,(not set),Single Option Only,USD,,,158000000,ORD201609141763,Checkout Confirmation,,/ordercompleted.html,6,1,
3,0852801263780322,Direct,328310,United States,Sunnyvale,80000000,1,675,22,,20170627,1498594489,PAGE,,,25000000,,GGOEGGCX056299,Gift Card - $25.00,Gift Cards,Single Option Only,USD,,,,ORD201706272687,Checkout Confirmation,,/ordercompleted.html,6,1,
4,3211801082901013750,Referral,417832,United States,New York,409000000,1,418,23,,20170601,1496375475,PAGE,,,100000000,,GGOEGGCX056199,Gift Card- $100.00,Gift Cards,Single Option Only,USD,,,,ORD201706013038,Checkout Confirmation,,/ordercompleted.html,6,1,
2,3245124588515861127,Referral,1570039,United States,not available in demo dataset,,,2235,42,,20170405,1491411228,EVENT,,,30390000,,GGOEGEHQ072599,Google 4400mAh Power Bank,Home/Electronics/Power/,(not set),,,,,,Power & Chargers | Electronics | Google Merchandise Store,,/google+redesign/,1,1,
2,8565474882130184766,Referral,16451,United States,Mountain View,,,776,48,,20160924,1474759129,EVENT,,,16990000,,GGOEGAAX0104,Google Men's 100% Cotton Short Sleeve Hero Tee White,Home/Apparel/Men's/Men's-T-Shirts/,(not set),,,,,,Men's-T-Shirts,,/google+redesign/,1,1,
2,154104806751769000,Organic Search,1024809,United States,not available in demo dataset,821710000,1,1025,23,,20170430,1493613970,PAGE,,,13290000,,GGOEGALP034315,Google Women's Vintage Hero Tee Lavender,Apparel, LG,USD,,,,ORD201704301386,Checkout Confirmation,,/ordercompleted.html,6,1,
2,4977888869536759660,Organic Search,128807,United States,Los Angeles,,,929,14,,20170701,1498944529,PAGE,,,4990000,,GGOEGBFC018799,Electronics Accessory Pouch,Home/Bags/,(not set),,,,,,Bags | Google Merchandise Store,,/google+redesign/,2,1,
2,418555043165391870,Organic Search,331312,United States,Miami,,,603,29,,20161017,1476705979,PAGE,,,13990000,,GGOEGBCR024399,Google Lunch Bag,Home/Accessories/Housewares/,(not set),,,,,,Housewares | Accessories | Google Merchandise Store,,/google+redesign/,2,1,
2,1031768530974318383,Organic Search,2107524,France,not available in demo dataset,,,2135,30,,20170405,1491427928,PAGE,,,51990000,,GGOEGAAX0362,Google Men's Pullover Hoodie Grey,Home/Apparel/Men's/,(not set),,,,,,Men's Apparel | Google Merchandise Store,,/google+redesign/,2,1,
3,9339082715443245460,Direct,858458,United States,not available in demo dataset,,,1018,12,,20161017,1476727774,PAGE,,,24990000,,GGOEGDHQ015399,26 oz Double Wall Insulated Bottle,Home/Drinkware/Water Bottles and Tumblers/,(not set),,,,,,Water Bottles & Tumblers | Drinkware | Google Merchandise Store,,/google+redesign/,2,1,
2,4856298179013995726,Paid Search,1330942,United States,not available in demo dataset,30380000,1,1800,50,,20170624,1498351853,PAGE,,,4890000,,GGOEGCBN016899,Google Pet Feeding Mat,Lifestyle, PINK,USD,,,,ORD201706241470,Checkout Confirmation,,/ordercompleted.html,6,1,
2,3544586955648328253,Organic Search,82217,India,not available in demo dataset,,,95,14,,20161124,1479976002,PAGE,,,16990000,,GGOEGAAX0104,Google Men's 100% Cotton Short Sleeve Hero Tee White,Home/Apparel/Men's/Men's-T-Shirts/,(not set),,,,,,Men's T-Shirts | Apparel | Google Merchandise Store,,/google+redesign/,2,1,
2,6706553303219862080,Organic Search,78319,Australia,Melbourne,,,88,8,,20170301,1488431352,EVENT,,,4990000,,GGOEYDHJ056099,22 oz YouTube Bottle Infuser,Home/Shop by Brand/YouTube/,(not set),,,,,,YouTube | Shop by Brand | Google Merchandise Store,,/google+redesign/,1,1,
2,0182906031903320795,Referral,1535363,United States,Mountain View,,,1535,6,,20161122,1479865687,EVENT,,,4990000,,GGOEYDHJ056099,22 oz YouTube Bottle Infuser,Home/Drinkware/Water Bottles and Tumblers/,(not set),,,,,,Water Bottles & Tumblers | Drinkware | Google Merchandise Store,,/google+redesign/,1,1,
2,0001266240591974276,Referral,347299,Spain,Madrid,,,352,66,,20170606,1496753265,PAGE,,,12990000,,GGOEGACB023699,Yoga Block,Home/Clearance Sale/,(not set),,,,,,Clearance Sale,,/store.html/,2,1,
2,1590294463633434388,Organic Search,385987,United States,not available in demo dataset,22980000,1,386,8,,20170115,1484518570,PAGE,,,7990000,,GGOEYDHJ019399,24 oz YouTube Sergeant Stripe Bottle,Drinkware,Single Option Only,USD,,,,ORD201701151175,Checkout Confirmation,,/ordercompleted.html,6,1,
6,7360768108223062056,Organic Search,127770,United States,Sunnyvale,158000000,1,869,32,,20160914,1473902004,PAGE,,,25000000,,GGOEGGCX056299,Gift Card - $25.00,(not set),Single Option Only,USD,,,,ORD201609141763,Checkout Confirmation,,/ordercompleted.html,6,1,
2,1849906954215296139,Social,1113503,United States,Chicago,103930000,1,1631,28,,20170129,1485760289,PAGE,,,9990000,,GGOEGOCT019199,Red Spiral Google Notebook,Office,Single Option Only,USD,,,,ORD201701291969,Checkout Confirmation,,/ordercompleted.html,6,1,
2,3544586955648328253,Organic Search,77571,India,not available in demo dataset,,,95,14,,20161124,1479976002,EVENT,,,16990000,,GGOEGAAX0104,Google Men's 100% Cotton Short Sleeve Hero Tee White,Home/Apparel/Men's/Men's-T-Shirts/,(not set),,,,,,Men's T-Shirts | Apparel | Google Merchandise Store,,/google+redesign/,1,1,
2,7993921530193250766,Organic Search,98255,India,Bengaluru,,,98,10,,20161226,1482813442,PAGE,,,24990000,,GGOEGDHQ014899,20 oz Stainless Steel Insulated Tumbler,Home/Drinkware/,(not set),,,,,,Drinkware | Google Merchandise Store,,/google+redesign/,2,1,
2,477997596462135678,Direct,653506,United States,San Jose,246000000,1,931,36,,20170118,1484796890,PAGE,,,119000000,,GGOENEBQ078999,Nest® Cam Outdoor Security Camera - USA,Nest-USA,Single Option Only,USD,,,,ORD201701182177,Checkout Confirmation,,/ordercompleted.html,6,1,
2,4890832126611809362,Organic Search,0,Sri Lanka,not available in demo dataset,,,,2,,20170610,1497087233,PAGE,,,20990000,,GGOEGAAX0356,YouTube Men's Vintage Tank,Home/Shop by Brand/YouTube/,(not set),USD,,,,,YouTube | Shop by Brand | Google Merchandise Store,,/google+redesign/,0,1,
2,951406946503817443,Referral,43892,United States,Mountain View,,,158,7,5,20170731,1501516774,EVENT,,,16990000,,GGOEGAAX0104,Google Men's 100% Cotton Short Sleeve Hero Tee White,Home/Apparel/Men's/Men's-T-Shirts/,(not set),,,,,,Men's T-Shirts | Apparel | Google Merchandise Store,,/google+redesign/,1,1,
2,0419611240165258862,Referral,729855,United States,not available in demo dataset,35950000,1,730,46,,20160916,1474052262,PAGE,,,3990000,,GGOEGBJC019999,Collapsible Shopping Bag,(not set),Single Option Only,USD,,,,ORD201609161782,Checkout Confirmation,,/ordercompleted.html,6,1,
2,8316567391407602026,Direct,494631,United States,Mountain View,365000000,1,495,27,,20161229,1483041128,PAGE,,,119000000,,GGOENEBQ078999,Nest® Cam Outdoor Security Camera - USA,Nest-USA,Single Option Only,USD,,,,ORD201612291562,Checkout Confirmation,,/ordercompleted.html,6,1,
2,9462870071899101234,Direct,334073,United States,Mountain View,240000000,1,340,16,,20170127,1485557981,PAGE,,,119000000,,GGOENEBQ078999,Nest® Cam Outdoor Security Camera - USA,Nest-USA,Single Option Only,USD,,,,ORD201701271714,Checkout Confirmation,,/ordercompleted.html,6,1,
2,5116868963536498636,Direct,67671,India,Pune,,,1384,11,,20170408,1491656432,EVENT,,,7990000,,GGOEYOLR080599,YouTube Notebook and Pen Set,Home/Shop by Brand/YouTube/,(not set),,,,,,YouTube | Shop by Brand | Google Merchandise Store,,/google+redesign/,1,1,
2,4890832126611809362,Organic Search,0,Sri Lanka,not available in demo dataset,,,,2,,20170610,1497087233,PAGE,,,16990000,,GGOEGAAX0284,Women's YouTube Short Sleeve Hero Tee Black,Home/Shop by Brand/YouTube/,(not set),USD,,,,,YouTube | Shop by Brand | Google Merchandise Store,,/google+redesign/,0,1,
2,0053895332124593586,Direct,279951,United Kingdom,not available in demo dataset,,,862,31,,20170312,1489354191,PAGE,,,16990000,,GGOEGAAX0105,Google Men's 100% Cotton Short Sleeve Hero Tee Black,Home/Apparel/Men's/Men's-T-Shirts/,(not set),,,,,,Men's T-Shirts | Apparel | Google Merchandise Store,,/store.html/,2,1,
2,7697210138804043868,Referral,2266318,United States,Mountain View,220970000,1,3487,56,,20170127,1485572189,PAGE,,,149000000,,GGOENEBJ079499,Nest® Learning Thermostat 3rd Gen-USA - Stainless Steel,Nest-USA,Single Option Only,USD,,,,ORD201701271869,Checkout Confirmation,,/ordercompleted.html,6,1,
2,0440373035810363378,Referral,207036,Ukraine,Kiev,,,3884,25,,20170604,1496597987,PAGE,,,18990000,,GGOEGAAX0341,Google Women's Vintage Hero Tee Black,Home/Apparel/Women's/Women's-T-Shirts/,(not set),,,,,,Women's T-Shirts | Apparel | Google Merchandise Store,,/google+redesign/,2,1,
2,5186802869072248264,Direct,761115,United States,Mountain View,199580000,1,1009,62,,20161104,1478272441,PAGE,,15,23850000,,GGOEGKAA019299,Switch Tone Color Crayon Pen,Office,Single Option Only,USD,,,,,Checkout Your Information,,/yourinfo.html,5,1,Billing and Shipping
6,043584487743669327,Referral,454113,United States,Austin,,,509,16,,20170619,1497903092,PAGE,,,25000000,,GGOEGGCX056299,Gift Card - $25.00,Gift Cards,Single Option Only,USD,,,,,Payment Method,,/payment.html,5,2,Payment
2,4890832126611809362,Organic Search,0,Sri Lanka,not available in demo dataset,,,,2,,20170610,1497087233,PAGE,,,6990000,,GGOEYOLR018699,YouTube Leatherette Notebook Combo,Home/Shop by Brand/YouTube/,(not set),USD,,,,,YouTube | Shop by Brand | Google Merchandise Store,,/google+redesign/,0,1,
2,7845114848613059919,Referral,354846,United States,New York,304320000,1,792,17,,20161215,1481840106,PAGE,,1,2390000,,GGOEGDHR018499,Google 22 oz Water Bottle,Drinkware, RED,USD,,,,,Checkout Your Information,,/yourinfo.html,5,1,Billing and Shipping
2,5869437989572013845,Organic Search,0,Nigeria,not available in demo dataset,,,381,6,,20170220,1487586486,PAGE,,,55990000,,GGOEGAAX0359,Android Men's Zip Hoodie,Home/Apparel/Men's/,(not set),,,,,,Men's Apparel | Google Merchandise Store,,/google+redesign/,2,1,
4,575143870190264156,Referral,46677,United States,not available in demo dataset,107000000,1,190,9,,20161224,1482608236,PAGE,,,25000000,,GGOEGGCX056299,Gift Card - $25.00,Gift Cards,Single Option Only,USD,,,,,Payment Method,,/payment.html,5,2,Payment
6,043584487743669327,Referral,318815,United States,Austin,192560000,2,346,21,,20170619,1497905556,PAGE,,,25000000,,GGOEGGCX056299,Gift Card - $25.00,Gift Cards,Single Option Only,USD,,,,ORD201706192356,Checkout Confirmation,,/ordercompleted.html,6,1,
2,4289169908775094802,Social,101738,India,not available in demo dataset,,,350,16,,20170210,1486799558,PAGE,,,1990000,,GGOEYFKQ020699,YouTube Custom Decals,Home/Shop by Brand/YouTube/,(not set),,,,,,YouTube | Shop by Brand | Google Merchandise Store,,/google+redesign/,2,1,
2,5238123324211686136,Organic Search,60442,United States,not available in demo dataset,,,1120,40,,20161102,1478136025,EVENT,,,10990000,,GGOEGCLB020832,Softsided Travel Pouch Set,Home/Bags/,(not set),,,,,,Bags | Google Merchandise Store,,/google+redesign/,1,1,
2,7663572805012471269,Paid Search,3477,United States,San Francisco,,,3,3,,20161127,1480276030,EVENT,,,74990000,,GGOEGAAX0582,Google Women's Lightweight Microfleece Jacket,Home/Shop by Brand/Google/,(not set),,,,,,Google | Shop by Brand | Google Merchandise Store,,/google+redesign/,1,1,
2,2315812288466987088,Direct,707863,Guatemala,not available in demo dataset,,,2137,91,,20160813,1471127858,EVENT,,,990000,,GGOEGGOA017399,Maze Pen,Home/Office/,(not set),,,,,,Office,,/google+redesign/,1,1,
3,2060318762356474784,Organic Search,2542,United States,not available in demo dataset,,,95,11,,20170304,1488656269,EVENT,,,1990000,,GGOEYFKQ020699,YouTube Custom Decals,Home/Shop by Brand/YouTube/,(not set),,,,,,YouTube | Shop by Brand | Google Merchandise Store,,/google+redesign/,1,1,
2,7388247385575647094,Social,130417,India,Chennai,,,231,14,,20170125,1485363593,EVENT,,,55990000,,GGOEGAAX0358,Google Men's  Zip Hoodie,Home/Apparel/Men's/Men's-Outerwear/,(not set),,,,,,Men's Outerwear | Apparel | Google Merchandise Store,,/google+redesign/,1,1,
2,213097446286285593,Organic Search,90,United States,not available in demo dataset,,,27,6,,20161002,1475432072,EVENT,,,55990000,,GGOEGAAX0359,Android Men's  Zip Hoodie,Home/Apparel/Men's/Men's-Outerwear/,(not set),,,,,,Men's-Outerwear,,/google+redesign/,1,1,
2,2169536133056413010,Organic Search,728051,United States,not available in demo dataset,,,1210,57,,20161214,1481750945,PAGE,,,21990000,,GGOEGAAX0735,Google Collapsible Duffel,Home/Bags/More Bags/,(not set),,,,,,More Bags | Bags | Google Merchandise Store,,/google+redesign/,2,1,
4,3244918821752957507,Referral,562547,United States,not available in demo dataset,201000000,1,585,28,,20160923,1474657463,PAGE,,,50000000,,GGOEGGCX056499,Gift Card - $50.00,(not set),Single Option Only,USD,,,,,Checkout Review,,/revieworder.html,5,3,Review
4,3211801082901013750,Referral,383982,United States,New York,409000000,1,418,23,,20170601,1496375475,PAGE,,,100000000,,GGOEGGCX056199,Gift Card- $100.00,Gift Cards,Single Option Only,USD,,,,,Checkout Review,,/revieworder.html,5,3,Review
6,7360768108223062056,Display,2143566,United States,Sunnyvale,,,2262,16,,20160914,1473890234,PAGE,,1,25000000,,GGOEGGCX056299,Gift Card - $25.00,(not set),Single Option Only,USD,,,,,Checkout Your Information,,/yourinfo.html,5,1,Billing and Shipping
4,3211801082901013750,Referral,321632,United States,New York,409000000,1,418,23,,20170601,1496375475,PAGE,,1,100000000,,GGOEGGCX056199,Gift Card- $100.00,Gift Cards,Single Option Only,USD,,,,,Checkout Your Information,,/yourinfo.html,5,1,Billing and Shipping
2,9339082715443245460,Direct,858461,United States,not available in demo dataset,,,1018,12,,20161017,1476727774,EVENT,,,24990000,,GGOEGDHQ015399,26 oz Double Wall Insulated Bottle,Home/Drinkware/Water Bottles and Tumblers/,(not set),,,,,,Water Bottles & Tumblers | Drinkware | Google Merchandise Store,,/google+redesign/,1,1,
2,9843985991932053510,Referral,910080,United Kingdom,London,,,1107,34,,20170130,1485823828,EVENT,,,2990000,,GGOEGFKQ020799,Google Doodle Decal,Home/Accessories/Stickers/,(not set),,,,,,Stickers | Accessories | Google Merchandise Store,,/google+redesign/,1,1,
2,917551604501805376,Direct,86855,Russia,not available in demo dataset,,,145,53,,20170428,1493445465,EVENT,,,24990000,,GGOEAHPA004110,Android Wool Heather Cap Heather/Black,Home/Shop by Brand/Android/,(not set),,,,,,Android | Shop by Brand | Google Merchandise Store,,/store.html,1,1,
6,7360768108223062056,Display,83411,United States,Sunnyvale,,,382,15,,20160914,1473896648,PAGE,,,25000000,,GGOEGGCX056299,Gift Card - $25.00,(not set),Single Option Only,USD,,,,,Payment Method,,/payment.html,5,2,Payment
2,6706553303219862080,Organic Search,78319,Australia,Melbourne,,,88,8,,20170301,1488431352,PAGE,,,4990000,,GGOEYDHJ056099,22 oz YouTube Bottle Infuser,Home/Shop by Brand/YouTube/,(not set),,,,,,YouTube | Shop by Brand | Google Merchandise Store,,/google+redesign/,2,1,
3,1915538933685278364,Referral,487234,United States,San Jose,,,638,22,,20161221,1482356339,PAGE,,1,100000000,,GGOEGGCX056199,Gift Card- $100.00,Gift Cards,Single Option Only,USD,,,,,Checkout Your Information,,/yourinfo.html,5,1,Billing and Shipping
2,8368489856222393707,Direct,331079,United States,Mountain View,,,423,13,,20170216,1487286356,EVENT,,,16990000,,GGOEGAAX0104,Google Men's 100% Cotton Short Sleeve Hero Tee White,Home/Apparel/Men's/,(not set),,,,,,Men's Apparel | Google Merchandise Store,,/google+redesign/,1,1,
2,7749769094473228577,Referral,9,United States,Mountain View,154000000,1,1194,11,,20170331,1490977933,EVENT,,,249000000,,GGOEGAAX0794,Nest® Learning Thermostat 3rd Gen-USA,Home/Nest/Nest-USA/,(not set),,,,,,Nest-USA,,/google+redesign/,1,1,
9,0780206376162514125,Referral,2147934,United States,not available in demo dataset,505000000,3,2269,92,,20160908,1473373023,PAGE,,1,25000000,25555555,GGOEGGCX056299,Gift Card - $25.00,(not set),Single Option Only,USD,,,230000000,ORD201609081668,Checkout Confirmation,,/ordercompleted.html,6,1,
2,4089398984309263376,Direct,157590,India,Bengaluru,,,158,3,,20170311,1489227939,PAGE,,,1500000,,GGOEGFKA022299,Keyboard DOT Sticker,Home/Accessories/Stickers/,(not set),USD,,,,,Stickers | Accessories | Google Merchandise Store,,/google+redesign/,0,1,
2,2001149638183224329,Organic Search,782794,United States,New York,118800000,1,2131,23,,20161027,1477581498,EVENT,,20,21990000,,GGOEYHPA003510,YouTube Trucker Hat,(not set),(not set),,,,,,Shopping Cart,,/basket.html,4,1,
2,0071895336593296958,Social,508280,Brazil,not available in demo dataset,,,737,38,,20161212,1481540012,EVENT,,,16990000,,GGOEGAAX0105,Google Men's 100% Cotton Short Sleeve Hero Tee Black,Home/Apparel/,(not set),,,,,,Apparel | Google Merchandise Store,,/google+redesign/,1,1,
2,0440373035810363378,Referral,207036,Ukraine,Kiev,,,3884,25,,20170604,1496597987,EVENT,,,18990000,,GGOEGAAX0341,Google Women's Vintage Hero Tee Black,Home/Apparel/Women's/Women's-T-Shirts/,(not set),,,,,,Women's T-Shirts | Apparel | Google Merchandise Store,,/google+redesign/,1,1,
2,0001266240591974276,Referral,347628,Spain,Madrid,,,352,66,,20170606,1496753265,EVENT,,,12990000,,GGOEGACB023699,Yoga Block,Home/Clearance Sale/,(not set),,,,,,Clearance Sale,,/store.html,1,1,
2,7567817112637547239,Organic Search,2303836,United States,Mountain View,101200000,2,2304,36,85,20170714,1500033101,PAGE,,,25000000,,GGOEGGCX056299,Gift Card - $25.00,Gift Cards,Single Option Only,USD,,,,ORD201707142281,Checkout Confirmation,,/ordercompleted.html,6,1,
2,3182989904098958260,Organic Search,362,United States,not available in demo dataset,,,1303,29,,20170424,1493047321,EVENT,,,4990000,,GGOEGCBB074399,Google Device Holder Sticky Pad,Home/Electronics/,(not set),,,,,,Electronics | Google Merchandise Store,,/google+redesign/,1,1,
2,877823522891131062,Direct,15633,United States,San Jose,,,76,80,,20170528,1496005596,PAGE,,,4990000,,GGOEYDHJ056099,22 oz YouTube Bottle Infuser,Home/Shop by Brand/YouTube/,(not set),,,,,,YouTube | Shop by Brand | Google Merchandise Store,,/google+redesign/,2,1,
2,0409094433310347683,Social,148686,Mexico,not available in demo dataset,,,175,36,,20161115,1479247537,PAGE,,,24990000,,GGOEGAAX0331,Google Men's Long Sleeve Raglan Ocean Blue,Home/Apparel/,(not set),,,,,,Apparel | Google Merchandise Store,,/google+redesign/,2,1,
2,6650611733216359240,Organic Search,162549,Bulgaria,not available in demo dataset,,,166,12,,20161222,1482429027,PAGE,,,9990000,,GGOEGOCT019199,Red Spiral Google Notebook,Home/Office/Notebooks & Journals/,(not set),,,,,,Notebooks & Journals | Office | Google Merchandise Store,,/google+redesign/,2,1,
5,7838650270550176403,Paid Search,1552863,United States,San Francisco,251000000,1,1721,27,,20161230,1483148696,PAGE,,1,50000000,,GGOEGGCX056499,Gift Card - $50.00,Gift Cards,Single Option Only,USD,,,,,Checkout Your Information,,/yourinfo.html,5,1,Billing and Shipping
2,1849906954215296139,Social,1113503,United States,Chicago,103930000,1,1631,28,,20170129,1485760289,PAGE,,,21990000,,GGOEYHPA003510,YouTube Trucker Hat,Headgear,Single Option Only,USD,,,,ORD201701291969,Checkout Confirmation,,/ordercompleted.html,6,1,
6,7360768108223062056,Display,2133135,United States,Sunnyvale,,,2262,16,,20160914,1473890234,PAGE,,,25000000,,GGOEGGCX056299,Gift Card - $25.00,(not set),Single Option Only,USD,,,,,Payment Method,,/payment.html,5,2,Payment
2,1484655541683850590,Organic Search,960,Brazil,not available in demo dataset,,,1,4,1,20170718,1500409773,EVENT,,,1990000,,GGOEYFKQ020699,YouTube Custom Decals,Home/Shop by Brand/YouTube/,(not set),,,,,,YouTube | Shop by Brand | Google Merchandise Store,,/google+redesign/,1,1,
2,7678196951233738389,Organic Search,741439,India,Chennai,,,784,22,,20170518,1495124347,EVENT,,,18990000,,GGOEGAAX0338,Google Men's Vintage Badge Tee Black,Home/Apparel/Men's/Men's-T-Shirts/,(not set),,,,,,Men's T-Shirts | Apparel | Google Merchandise Store,,/google+redesign/,1,1,
22,4884778281436388667,Referral,363518,United States,Cambridge,555000000,1,485,75,,20161128,1480363993,PAGE,,1,25000000,,GGOEGGCX056299,Gift Card - $25.00,Gift Cards,Single Option Only,USD,,,,,Checkout Your Information,,/yourinfo.html,5,1,Billing and Shipping
3,0852801263780322,Direct,228412,United States,Sunnyvale,80000000,1,675,22,,20170627,1498594489,PAGE,,,25000000,,GGOEGGCX056299,Gift Card - $25.00,Gift Cards,Single Option Only,USD,,,,,Payment Method,,/payment.html,5,2,Payment
2,1965703729833511722,Paid Search,170687,United States,New York,,,754,51,,20161225,1482680105,PAGE,,,16990000,,GGOEGAAX0107,Google Men's 100% Cotton Short Sleeve Hero Tee Red,${escCatTitle},(not set),,,,,,Store search results,,/asearch.html/,2,1,
4,3244918821752957507,Referral,353319,United States,not available in demo dataset,201000000,1,585,28,,20160923,1474657463,PAGE,,1,50000000,,GGOEGGCX056499,Gift Card - $50.00,(not set),Single Option Only,USD,,,,,Checkout Your Information,,/yourinfo.html,5,1,Billing and Shipping
2,477997596462135678,Direct,653506,United States,San Jose,246000000,1,931,36,,20170118,1484796890,PAGE,,,119000000,,GGOENEBB078899,Nest® Cam Indoor Security Camera - USA,Nest-USA,Single Option Only,USD,,,,ORD201701182177,Checkout Confirmation,,/ordercompleted.html,6,1,
2,5209753516271427432,Organic Search,3306457,United States,not available in demo dataset,,,3411,28,,20161108,1478637176,EVENT,,1,1990000,,GGOEYFKQ020699,YouTube Custom Decals,Home/Accessories/Stickers/,(not set),USD,,,,,Stickers | Accessories | Google Merchandise Store,,/google+redesign/,3,1,
2,8886735720990016837,Referral,137842,United States,Mountain View,,,140,12,,20170119,1484872534,EVENT,,,199000000,,GGOENEBB078899,Nest® Cam Indoor Security Camera - USA,Home/Nest/Nest-USA/,(not set),,,,,,Nest-USA,,/google+redesign/,1,1,
2,4890832126611809362,Organic Search,0,Sri Lanka,not available in demo dataset,,,,2,,20170610,1497087233,PAGE,,,14990000,,GGOEYOCR077799,YouTube Hard Cover Journal,Home/Shop by Brand/YouTube/,(not set),USD,,,,,YouTube | Shop by Brand | Google Merchandise Store,,/google+redesign/,0,1,
2,154104806751769000,Organic Search,1024809,United States,not available in demo dataset,821710000,1,1025,23,,20170430,1493613970,PAGE,,,16990000,,GGOEGAAB010514,Google Men's 100% Cotton Short Sleeve Hero Tee Black,Apparel, MD,USD,,,,ORD201704301386,Checkout Confirmation,,/ordercompleted.html,6,1,
2,9327829765133470246,Referral,372402,United States,not available in demo dataset,,,1921,24,,20170321,1490103532,EVENT,,,99990000,,GGOEGAAX0795,25L Classic Rucksack,Home/Bags/Backpacks/,(not set),,,,,,Backpacks | Bags | Google Merchandise Store,,/google+redesign/,1,1,
2,4987385569257127908,Organic Search,1856098,United States,not available in demo dataset,,,5838,132,,20160804,1470319455,PAGE,,,10990000,,GGOEGFPR113699,16 oz. Hot/Cold Tumbler,Home/Accessories/Drinkware/,(not set),,,,,,Drinkware,,/google+redesign/,2,1,
2,5186802869072248264,Direct,998705,United States,Mountain View,199580000,1,1009,62,,20161104,1478272441,PAGE,,,7190000,,GGOEGDWC020199,Engraved Ceramic Google Mug,Drinkware,Single Option Only,USD,,,,ORD201611041971,Checkout Confirmation,,/ordercompleted.html,6,1,
2,1317689253150002358,Organic Search,17524,United States,Los Angeles,,,32,9,,20170518,1495148482,PAGE,,,18990000,,GGOEGAAX0339,Google Men's Vintage Badge Tee White,Home/Apparel/Men's/Men's-T-Shirts/,(not set),,,,,,Men's T-Shirts | Apparel | Google Merchandise Store,,/google+redesign/,2,1,
2,6215289033853383606,Direct,683121,United States,not available in demo dataset,,,1787,73,,20161010,1476120028,PAGE,,,98990000,,GGOEGAAX0598,Google Men's Convertible Vest-Jacket Pewter,Home/Apparel/Men's/Men's-Outerwear/,(not set),,,,,,Men's Outerwear | Apparel | Google Merchandise Store,,/google+redesign/,2,1,
2,106063603600493523,Organic Search,87125,United States,not available in demo dataset,,,134,20,,20161114,1479142311,EVENT,,,34990000,,GGOEGAAX0335,YouTube Men's Long Sleeve Pullover Badge Tee Heather,Home/Shop by Brand/YouTube/,(not set),,,,,,YouTube | Shop by Brand | Google Merchandise Store,,/google+redesign/,2,1,
2,7567817112637547239,Organic Search,2288697,United States,Mountain View,101200000,2,2304,36,85,20170714,1500033101,PAGE,,,25000000,,GGOEGGCX056299,Gift Card - $25.00,Gift Cards,Single Option Only,USD,,,,,Checkout Review,,/revieworder.html,5,3,Review
2,8306703617933176158,Organic Search,559533,Canada,not available in demo dataset,151000000,1,567,18,,20170511,1494505602,PAGE,,,149000000,,GGOENEBB081499,Nest® Cam Indoor Security Camera - CA,Nest-Canada,Single Option Only,USD,,,,ORD201705112202,Checkout Confirmation,,/ordercompleted.html,6,1,
2,572741150050251305,Referral,104272,United States,San Francisco,,,506,37,,20160812,1471020530,EVENT,,,13590000,,GGOEGAAX0105,Google Men's 100% Cotton Short Sleeve Hero Tee Black,Home/Apparel/Men's/Men's-T-Shirts/,(not set),,,,,,Men's-T-Shirts,,/google+redesign/,1,1,
2,746894589079813713,Direct,2329159,United States,San Francisco,124000000,1,2329,21,,20161230,1483166806,PAGE,,,119000000,,GGOENEBB078899,Nest® Cam Indoor Security Camera - USA,Nest-USA,Single Option Only,USD,,,,ORD201612301070,Checkout Confirmation,,/ordercompleted.html,6,1,
2,2389277803750585227,Organic Search,2763479,Taiwan,(not set),,,4532,33,,20170425,1493109686,PAGE,,,16990000,,GGOEGAAX0104,Google Men's 100% Cotton Short Sleeve Hero Tee White,Home/Apparel/Men's/Men's-T-Shirts/,(not set),,,,,,Men's T-Shirts | Apparel | Google Merchandise Store,,/google+redesign/,2,1,
2,4835082938415020542,Direct,1173908,United States,not available in demo dataset,755300000,1,1444,32,,20161116,1479341021,PAGE,,,24950000,,GGOEGBMJ013399,Sport Bag,Bags,Single Option Only,USD,,,,,Payment Method,,/payment.html,5,2,Payment
2,0396973395485053796,Direct,0,United States,San Francisco,,,274,7,,20161017,1476768644,EVENT,,,24990000,,GGOEGDHQ015399,26 oz Double Wall Insulated Bottle,Home/Drinkware/Water Bottles and Tumblers/,(not set),,,,,,Water Bottles & Tumblers | Drinkware | Google Merchandise Store,,/google+redesign/,1,1,
2,0956968704278661181,Organic Search,505417,Bangladesh,(not set),,,506,7,,20161018,1476840950,EVENT,,,39990000,,GGOEGAAX0311,Google Heavyweight Long Sleeve Hero Tee Navy,Home/Apparel/Men's/Men's-T-Shirts/,(not set),,,,,,Men's T-Shirts | Apparel | Google Merchandise Store,,/google+redesign/,1,1,
2,051963042330155322,Organic Search,86753,Netherlands,not available in demo dataset,,,1623,19,,20170304,1488681066,PAGE,,,58990000,,GGOEGEHQ071199,"Google High Capacity 10,400mAh Charger",Home/Shop by Brand/Google/,(not set),,,,,,Google | Shop by Brand | Google Merchandise Store,,/google+redesign/,2,1,
6,043584487743669327,Referral,294652,United States,Austin,192560000,2,346,21,,20170619,1497905556,PAGE,,,25000000,,GGOEGGCX056299,Gift Card - $25.00,Gift Cards,Single Option Only,USD,,,,,Checkout Review,,/revieworder.html,5,3,Review
2,1359365693622059283,Social,15977,India,Chennai,,,184,83,,20170119,1484850079,PAGE,,,55990000,,GGOEGAAX0358,Google Men's  Zip Hoodie,Home/Apparel/Men's/Men's-Outerwear/,(not set),,,,,,Men's Outerwear | Apparel | Google Merchandise Store,,/google+redesign/,2,1,
2,2684763703335281109,Organic Search,2818642,India,not available in demo dataset,,,3239,44,,20170405,1491427153,PAGE,,,1500000,,GGOEGFKA022299,Keyboard DOT Sticker,Home/Accessories/Stickers/,(not set),,,,,,Stickers | Accessories | Google Merchandise Store,,/google+redesign/,2,1,
2,1302369844915731964,Organic Search,480912,United States,not available in demo dataset,,,3296,98,,20170110,1484090727,EVENT,,,199000000,,GGOENEBQ078999,Nest® Cam Outdoor Security Camera - USA,Home/Nest/Nest-USA/,(not set),,,,,,Nest-USA,,/google+redesign/,1,1,
2,4491333099755680268,Referral,170286,India,Pune,,,2074,21,,20161206,1481035678,PAGE,,,24990000,,GGOEGAAX0331,Google Men's Long Sleeve Raglan Ocean Blue,Home/Apparel/Men's/Men's-T-Shirts/,(not set),,,,,,Men's T-Shirts | Apparel | Google Merchandise Store,,/google+redesign/,2,1,
5,5990814637864284423,Referral,341349,United States,Mountain View,,,414,26,,20161212,1481574169,PAGE,,,25000000,,GGOEGGCX056299,Gift Card - $25.00,Gift Cards,Single Option Only,USD,,,,,Checkout Review,,/revieworder.html,5,3,Review
2,7436604361557442905,Referral,818083,United States,Chicago,705780000,2,2060,50,,20161208,1481235017,PAGE,,,31990000,,GGOEGAAX0313,Google Tri-blend Hoodie Grey,Home/Apparel/Men's/Men's-Outerwear/,(not set),,,,,,Men's Outerwear | Apparel | Google Merchandise Store,,/google+redesign/,2,1,
2,3812104116975829155,Organic Search,1727181,United States,not available in demo dataset,,,3754,39,,20170505,1494049200,EVENT,,,4990000,,GGOEYDHJ056099,22 oz YouTube Bottle Infuser,Home/Shop by Brand/YouTube/,(not set),,,,,,YouTube | Shop by Brand | Google Merchandise Store,,/google+redesign/,1,1,
2,5735916288137666743,Direct,698487,United States,Chicago,,,1610,171,,20161114,1479157019,PAGE,,,4500000,,GGOEGCGB022199,Fashion Sunglasses & Pouch,Home/Accessories/Fun/,(not set),,,,,,Fun | Accessories | Google Merchandise Store,,/google+redesign/,2,1,
22,4884778281436388667,Referral,485391,United States,Cambridge,555000000,1,485,75,,20161128,1480363993,PAGE,,1,25000000,25227272,GGOEGGCX056299,Gift Card - $25.00,Gift Cards,Single Option Only,USD,,,555000000,ORD201611283845,Checkout Confirmation,,/ordercompleted.html,6,1,
6,7360768108223062056,Display,54556,United States,Sunnyvale,,,382,15,,20160914,1473896648,PAGE,,1,25000000,,GGOEGGCX056299,Gift Card - $25.00,(not set),Single Option Only,USD,,,,,Checkout Your Information,,/yourinfo.html,5,1,Billing and Shipping
2,1849906954215296139,Social,1113503,United States,Chicago,103930000,1,1631,28,,20170129,1485760289,PAGE,,,16990000,,GGOEYAAB031815,YouTube Men's Short Sleeve Hero Tee Black,Apparel, LG,USD,,,,ORD201701291969,Checkout Confirmation,,/ordercompleted.html,6,1,
2,4150778016163790406,Direct,3329117,United States,Salem,,,3393,38,60,20170710,1499716012,PAGE,,1,250000000,,GGOEGGCX056399,Gift Card - $250.00,Gift Cards,Single Option Only,USD,,,,,Checkout Your Information,,/yourinfo.html,5,1,Billing and Shipping
2,5186802869072248264,Direct,944186,United States,Mountain View,199580000,1,1009,62,,20161104,1478272441,PAGE,,,23850000,,GGOEGKAA019299,Switch Tone Color Crayon Pen,Office,Single Option Only,USD,,,,,Checkout Review,,/revieworder.html,5,3,Review
2,4647034471794650114,Social,48946,Italy,Naples,,,49,11,,20170307,1488900033,EVENT,,,98990000,,GGOEGAAX0607,Google Women's Convertible Vest-Jacket Sea Foam Green,Home/Apparel/Women's/Women's-Performance Wear/,(not set),,,,,,Women's Performance Wear | Apparel | Google Merchandise Store,,/google+redesign/,1,1,
2,0002272296402119960,Direct,699354,United States,not available in demo dataset,,,707,25,,20170518,1495151967,PAGE,,,21990000,,GGOEGAAX0735,Google Collapsible Duffel,Home/Bags/More Bags/,(not set),,,,,,More Bags | Bags | Google Merchandise Store,,/google+redesign/,2,1,
2,7438021961261408453,Referral,564320,United States,Sunnyvale,52000000,1,1836,22,,20170524,1495663171,PAGE,,1,25000000,,GGOEGGCX056299,Gift Card - $25.00,Gift Cards,Single Option Only,USD,,,,,Checkout Your Information,,/yourinfo.html,5,1,Billing and Shipping
2,917551604501805376,Direct,86855,Russia,not available in demo dataset,,,145,53,,20170428,1493445465,PAGE,,,24990000,,GGOEAHPA004110,Android Wool Heather Cap Heather/Black,Home/Shop by Brand/Android/,(not set),,,,,,Android | Shop by Brand | Google Merchandise Store,,/store.html/,2,1,
4,3244918821752957507,Referral,585180,United States,not available in demo dataset,201000000,1,585,28,,20160923,1474657463,PAGE,,,50000000,,GGOEGGCX056499,Gift Card - $50.00,(not set),Single Option Only,USD,,,,ORD201609231507,Checkout Confirmation,,/ordercompleted.html,6,1,
2,3592785671281234637,Paid Search,245799,United States,not available in demo dataset,209000000,1,308,12,,20170620,1498002505,PAGE,,,100000000,,GGOEGGCX056199,Gift Card- $100.00,Gift Cards,Single Option Only,USD,,,,,Payment Method,,/payment.html,5,2,Payment
2,5459695065762628855,Organic Search,61975,Taiwan,not available in demo dataset,,,150,9,,20170310,1489157869,PAGE,,,14990000,,GGOEGBPB021199,Google Slim Utility Travel Bag,Home/Bags/,(not set),,,,,,Bags | Google Merchandise Store,,/google+redesign/,2,1,
2,7993921530193250766,Organic Search,98255,India,Bengaluru,,,98,10,,20161226,1482813442,EVENT,,,24990000,,GGOEGDHQ014899,20 oz Stainless Steel Insulated Tumbler,Home/Drinkware/,(not set),,,,,,Drinkware | Google Merchandise Store,,/google+redesign/,1,1,
2,7593755608800876778,Organic Search,1755066,Philippines,not available in demo dataset,,,1856,25,,20161116,1479352607,PAGE,,,16990000,,GGOEGAAX0106,Google Men's 100% Cotton Short Sleeve Hero Tee Navy,Home/Apparel/Men's/,(not set),,,,,,Men's Apparel | Google Merchandise Store,,/google+redesign/,2,1,
2,4608742628260942878,Direct,42929,United States,San Jose,,,191,20,,20160803,1470260242,EVENT,,,1990000,,GGOEGOFH020299,Galaxy Screen Cleaning Cloth,Home/Office/,(not set),,,,,,Office,,/google+redesign/,1,1,
2,0419611240165258862,Referral,729852,United States,not available in demo dataset,35950000,1,730,46,,20160916,1474052262,PAGE,,2,3990000,9313333,GGOEGBJC019999,Collapsible Shopping Bag,(not set),Single Option Only,USD,,,35950000,ORD201609161782,Checkout Confirmation,,/ordercompleted.html,6,1,
6,043584487743669327,Referral,382832,United States,Austin,,,509,16,,20170619,1497903092,PAGE,,,25000000,,GGOEGGCX056299,Gift Card - $25.00,Gift Cards,Single Option Only,USD,,,,,Payment Method,,/payment.html,5,2,Payment
2,5116868963536498636,Direct,67669,India,Pune,,,1384,11,,20170408,1491656432,PAGE,,,7990000,,GGOEYOLR080599,YouTube Notebook and Pen Set,Home/Shop by Brand/YouTube/,(not set),,,,,,YouTube | Shop by Brand | Google Merchandise Store,,/google+redesign/,2,1,
2,0419611240165258862,Referral,647043,United States,not available in demo dataset,35950000,1,730,46,,20160916,1474052262,PAGE,,,7980000,,GGOEGBJC019999,Collapsible Shopping Bag,(not set),Single Option Only,USD,,,,,Payment Method,,/payment.html,5,2,Payment
2,1317689253150002358,Organic Search,17524,United States,Los Angeles,,,32,9,,20170518,1495148482,EVENT,,,18990000,,GGOEGAAX0339,Google Men's Vintage Badge Tee White,Home/Apparel/Men's/Men's-T-Shirts/,(not set),,,,,,Men's T-Shirts | Apparel | Google Merchandise Store,,/google+redesign/,1,1,
2,7438021961261408453,Referral,515421,United States,Sunnyvale,52000000,1,1836,22,,20170524,1495663171,PAGE,,1,25000000,,GGOEGGCX056299,Gift Card - $25.00,Gift Cards,Single Option Only,USD,,,,,Checkout Your Information,,/yourinfo.html,5,1,Billing and Shipping
2,7438021961261408453,Referral,1836306,United States,Sunnyvale,52000000,1,1836,22,,20170524,1495663171,PAGE,,,25000000,,GGOEGGCX056299,Gift Card - $25.00,Gift Cards,Single Option Only,USD,,,,ORD201705242510,Checkout Confirmation,,/ordercompleted.html,6,1,
2,0744194450160663160,Organic Search,228393,United States,Sunnyvale,106000000,1,228,13,,20170523,1495581116,PAGE,,,50000000,,GGOEGGCX056499,Gift Card - $50.00,Gift Cards,Single Option Only,USD,,,,ORD201705232154,Checkout Confirmation,,/ordercompleted.html,6,1,
2,5459695065762628855,Organic Search,61975,Taiwan,not available in demo dataset,,,150,9,,20170310,1489157869,EVENT,,,14990000,,GGOEGBPB021199,Google Slim Utility Travel Bag,Home/Bags/,(not set),,,,,,Bags | Google Merchandise Store,,/google+redesign/,1,1,
2,7845114848613059919,Referral,791561,United States,New York,304320000,1,792,17,,20161215,1481840106,PAGE,,1,2390000,2612222,GGOEGDHR018499,Google 22 oz Water Bottle,Drinkware, RED,USD,,,304320000,ORD201612152739,Checkout Confirmation,,/ordercompleted.html,6,1,
2,9573965958784150966,Direct,1376381,India,New Delhi,,,1433,25,,20161016,1476605895,EVENT,,,5500000,,GGOEGOAR013099,Google Stylus Pen w/ LED Light,Home/Office/,(not set),,,,,,Office | Google Merchandise Store,,/google+redesign/,1,1,
2,3393813985766856114,Organic Search,90194,India,not available in demo dataset,,,131,19,,20160830,1472572166,EVENT,,,39990000,,GGOEGAAX0313,Google Tri-blend Hoodie Grey,Home/Apparel/Men's/Men's-Outerwear/,(not set),,,,,,Men's-Outerwear,,/google+redesign/,1,1,
2,922615354832601075,Organic Search,710523,United States,not available in demo dataset,23980000,1,711,27,,20161214,1481752917,PAGE,,,3990000,,GGOEGOAQ018099,Pen Pencil & Highlighter Set,Office,Single Option Only,USD,,,,ORD201612142992,Checkout Confirmation,,/ordercompleted.html,6,1,
2,4835082938415020542,Direct,1345114,United States,not available in demo dataset,755300000,1,1444,32,,20161116,1479341021,PAGE,,,24950000,,GGOEGBMJ013399,Sport Bag,Bags,Single Option Only,USD,,,,,Checkout Review,,/revieworder.html,5,3,Review
2,9057473618589552053,Organic Search,1937194,United States,not available in demo dataset,,,1958,17,,20170424,1493072023,EVENT,,,55990000,,GGOEGAAX0358,Google Men's  Zip Hoodie,Home/Apparel/Men's/Men's-Outerwear/,(not set),,,,,,Men's Outerwear | Apparel | Google Merchandise Store,,/google+redesign/,1,1,
2,3314675879123081699,Organic Search,294155,United States,not available in demo dataset,,,465,13,,20170131,1485850097,EVENT,,,5500000,,GGOEGOAR013099,Google Stylus Pen w/ LED Light,Home/Shop by Brand/Google/,(not set),,,,,,Google | Shop by Brand | Google Merchandise Store,,/google+redesign/,1,1,
10,0780206376162514125,Referral,1942884,United States,not available in demo dataset,505000000,3,2269,92,,20160908,1473373023,PAGE,,1,25000000,25500000,GGOEGGCX056299,Gift Card - $25.00,(not set),Single Option Only,USD,,,255000000,ORD201609081668,Checkout Confirmation,,/ordercompleted.html,6,1,
4,3244918821752957507,Referral,405171,United States,not available in demo dataset,201000000,1,585,28,,20160923,1474657463,PAGE,,1,50000000,,GGOEGGCX056499,Gift Card - $50.00,(not set),Single Option Only,USD,,,,,Checkout Your Information,,/yourinfo.html,5,1,Billing and Shipping
2,106063603600493523,Organic Search,87459,United States,not available in demo dataset,,,134,20,,20161114,1479142311,EVENT,,,34990000,,GGOEGAAX0335,YouTube Men's Long Sleeve Pullover Badge Tee Heather,Home/Shop by Brand/YouTube/,(not set),,,,,,YouTube | Shop by Brand | Google Merchandise Store,,/google+redesign/,1,1,
2,9697929460014674172,Organic Search,1586208,United States,San Francisco,34950000,1,3201,64,,20161005,1475733990,PAGE,,,10990000,,GGOEGHPB071610,Google Twill Cap,(not set),Single Option Only,USD,,,,ORD201610052883,Checkout Confirmation,,/ordercompleted.html,6,1,
2,5186802869072248264,Direct,998705,United States,Mountain View,199580000,1,1009,62,,20161104,1478272441,PAGE,,,1590000,,GGOEGFKQ020399,Google Laptop and Cell Phone Stickers,Office,Single Option Only,USD,,,,ORD201611041971,Checkout Confirmation,,/ordercompleted.html,6,1,
2,4150778016163790406,Direct,3392843,United States,Salem,,,3393,38,60,20170710,1499716012,PAGE,,,250000000,,GGOEGGCX056399,Gift Card - $250.00,Gift Cards,Single Option Only,USD,,,,,Checkout Review,,/revieworder.html,5,3,Review
2,1876489728565551947,Referral,765258,United States,Santa Clara,541000000,1,797,25,,20170525,1495761451,PAGE,,,119000000,,GGOENEBQ078999,Nest® Cam Outdoor Security Camera - USA,Nest-USA,Single Option Only,USD,,,,ORD201705252340,Checkout Confirmation,,/ordercompleted.html,6,1,
2,7697210138804043868,Referral,2266318,United States,Mountain View,220970000,1,3487,56,,20170127,1485572189,PAGE,,,19990000,,GGOEGAEC033114,Google Men's Long Sleeve Raglan Ocean Blue,Apparel, MD,USD,,,,ORD201701271869,Checkout Confirmation,,/ordercompleted.html,6,1,
6,7360768108223062056,Display,318729,United States,Sunnyvale,,,382,15,,20160914,1473896648,PAGE,,,25000000,,GGOEGGCX056299,Gift Card - $25.00,(not set),Single Option Only,USD,,,,,Payment Method,,/payment.html,5,2,Payment
2,7915549412266150272,Paid Search,586213,United States,not available in demo dataset,,,586,34,,20170503,1493847196,EVENT,,,1990000,,GGOEGOXQ016399,Badge Holder,Home/Office/Office Other/,(not set),,,,,,Other | Office | Google Merchandise Store,,/google+redesign/,1,1,
2,0419611240165258862,Referral,581373,United States,not available in demo dataset,35950000,1,730,46,,20160916,1474052262,PAGE,,2,7980000,,GGOEGBJC019999,Collapsible Shopping Bag,(not set),Single Option Only,USD,,,,,Checkout Your Information,,/yourinfo.html,5,1,Billing and Shipping
2,5390598933983780871,Organic Search,1929,Brazil,not available in demo dataset,,,601,31,,20170325,1490461638,EVENT,,,1500000,,GGOEGFKA022299,Keyboard DOT Sticker,Home/Electronics/,(not set),,,,,,Electronics | Google Merchandise Store,,/store.html,1,1,
2,1818470577834542256,Social,227002,United States,(not set),,,860,28,,20170202,1486086807,EVENT,,,17990000,,GGOEACCQ017299,Android Lunch Kit,Home/Shop by Brand/Android/,(not set),,,,,,Android | Shop by Brand | Google Merchandise Store,,/store.html,1,1,